pack_id,year,make,model,trim,oem_family,retry_kind,priority
"acura-integra-2023-a-spec",2023,"Acura","Integra","A-Spec","unknown","tier_d",""
"acura-integra-2023-base",2023,"Acura","Integra","Base","unknown","tier_d",""
"acura-integra-2023-type-s",2023,"Acura","Integra","Type S","unknown","tier_d",""
"acura-integra-2024-a-spec",2024,"Acura","Integra","A-Spec","unknown","tier_d",""
"acura-integra-2024-base",2024,"Acura","Integra","Base","unknown","tier_d",""
"acura-integra-2024-type-s",2024,"Acura","Integra","Type S","unknown","tier_d",""
"acura-integra-2025-a-spec",2025,"Acura","Integra","A-Spec","unknown","tier_d",""
"acura-integra-2025-base",2025,"Acura","Integra","Base","unknown","tier_d",""
"acura-integra-2025-type-s",2025,"Acura","Integra","Type S","unknown","tier_d",""
"audi-a3-2023-premium",2023,"Audi","A3","Premium","unknown","tier_d",""
"audi-a3-2023-premium-plus",2023,"Audi","A3","Premium Plus","unknown","tier_d",""
"audi-a3-2023-prestige",2023,"Audi","A3","Prestige","unknown","tier_d",""
"audi-a3-2024-premium",2024,"Audi","A3","Premium","unknown","tier_d",""
"audi-a3-2024-premium-plus",2024,"Audi","A3","Premium Plus","unknown","tier_d",""
"audi-a3-2024-prestige",2024,"Audi","A3","Prestige","unknown","tier_d",""
"audi-a3-2025-premium",2025,"Audi","A3","Premium","unknown","tier_d",""
"audi-a3-2025-premium-plus",2025,"Audi","A3","Premium Plus","unknown","tier_d",""
"audi-a3-2025-prestige",2025,"Audi","A3","Prestige","unknown","tier_d",""
"audi-a4-2023-premium",2023,"Audi","A4","Premium","unknown","tier_d",""
"audi-a4-2023-premium-plus",2023,"Audi","A4","Premium Plus","unknown","tier_d",""
"audi-a4-2023-prestige",2023,"Audi","A4","Prestige","unknown","tier_d",""
"audi-a4-2024-premium",2024,"Audi","A4","Premium","unknown","tier_d",""
"audi-a4-2024-premium-plus",2024,"Audi","A4","Premium Plus","unknown","tier_d",""
"audi-a4-2024-prestige",2024,"Audi","A4","Prestige","unknown","tier_d",""
"audi-a5-2023-premium",2023,"Audi","A5","Premium","unknown","tier_d",""
"audi-a5-2023-premium-plus",2023,"Audi","A5","Premium Plus","unknown","tier_d",""
"audi-a5-2023-prestige",2023,"Audi","A5","Prestige","unknown","tier_d",""
"audi-a5-2024-premium",2024,"Audi","A5","Premium","unknown","tier_d",""
"audi-a5-2024-premium-plus",2024,"Audi","A5","Premium Plus","unknown","tier_d",""
"audi-a5-2024-prestige",2024,"Audi","A5","Prestige","unknown","tier_d",""
"audi-a5-2025-premium",2025,"Audi","A5","Premium","unknown","tier_d",""
"audi-a5-2025-premium-plus",2025,"Audi","A5","Premium Plus","unknown","tier_d",""
"audi-a5-2025-prestige",2025,"Audi","A5","Prestige","unknown","tier_d",""
"audi-a6-2023-premium",2023,"Audi","A6","Premium","unknown","tier_d",""
"audi-a6-2023-premium-plus",2023,"Audi","A6","Premium Plus","unknown","tier_d",""
"audi-a6-2023-prestige",2023,"Audi","A6","Prestige","unknown","tier_d",""
"audi-a6-2024-premium",2024,"Audi","A6","Premium","unknown","tier_d",""
"audi-a6-2024-premium-plus",2024,"Audi","A6","Premium Plus","unknown","tier_d",""
"audi-a6-2024-prestige",2024,"Audi","A6","Prestige","unknown","tier_d",""
"audi-a6-2025-premium",2025,"Audi","A6","Premium","unknown","tier_d",""
"audi-a6-2025-premium-plus",2025,"Audi","A6","Premium Plus","unknown","tier_d",""
"audi-a6-2025-prestige",2025,"Audi","A6","Prestige","unknown","tier_d",""
"audi-e-tron-2023-premium-plus",2023,"Audi","e-tron","Premium Plus","unknown","tier_d",""
"audi-e-tron-2023-prestige",2023,"Audi","e-tron","Prestige","unknown","tier_d",""
"audi-q3-2023-premium",2023,"Audi","Q3","Premium","unknown","tier_d",""
"audi-q3-2023-premium-plus",2023,"Audi","Q3","Premium Plus","unknown","tier_d",""
"audi-q3-2023-prestige",2023,"Audi","Q3","Prestige","unknown","tier_d",""
"audi-q3-2024-premium",2024,"Audi","Q3","Premium","unknown","tier_d",""
"audi-q3-2024-premium-plus",2024,"Audi","Q3","Premium Plus","unknown","tier_d",""
"audi-q3-2024-prestige",2024,"Audi","Q3","Prestige","unknown","tier_d",""
"audi-q3-2025-premium",2025,"Audi","Q3","Premium","unknown","tier_d",""
"audi-q3-2025-premium-plus",2025,"Audi","Q3","Premium Plus","unknown","tier_d",""
"audi-q3-2025-prestige",2025,"Audi","Q3","Prestige","unknown","tier_d",""
"audi-q4-e-tron-2023-premium-plus",2023,"Audi","Q4 e-tron","Premium Plus","unknown","tier_d",""
"audi-q4-e-tron-2023-prestige",2023,"Audi","Q4 e-tron","Prestige","unknown","tier_d",""
"audi-q4-e-tron-2024-premium-plus",2024,"Audi","Q4 e-tron","Premium Plus","unknown","tier_d",""
"audi-q4-e-tron-2024-prestige",2024,"Audi","Q4 e-tron","Prestige","unknown","tier_d",""
"audi-q4-e-tron-2025-premium-plus",2025,"Audi","Q4 e-tron","Premium Plus","unknown","tier_d",""
"audi-q4-e-tron-2025-prestige",2025,"Audi","Q4 e-tron","Prestige","unknown","tier_d",""
"audi-q5-2023-premium",2023,"Audi","Q5","Premium","unknown","tier_d",""
"audi-q5-2023-premium-plus",2023,"Audi","Q5","Premium Plus","unknown","tier_d",""
"audi-q5-2023-prestige",2023,"Audi","Q5","Prestige","unknown","tier_d",""
"audi-q5-2024-premium",2024,"Audi","Q5","Premium","unknown","tier_d",""
"audi-q5-2024-premium-plus",2024,"Audi","Q5","Premium Plus","unknown","tier_d",""
"audi-q5-2024-prestige",2024,"Audi","Q5","Prestige","unknown","tier_d",""
"audi-q5-2025-premium",2025,"Audi","Q5","Premium","unknown","tier_d",""
"audi-q5-2025-premium-plus",2025,"Audi","Q5","Premium Plus","unknown","tier_d",""
"audi-q5-2025-prestige",2025,"Audi","Q5","Prestige","unknown","tier_d",""
"audi-q7-2023-premium",2023,"Audi","Q7","Premium","unknown","tier_d",""
"audi-q7-2023-premium-plus",2023,"Audi","Q7","Premium Plus","unknown","tier_d",""
"audi-q7-2023-prestige",2023,"Audi","Q7","Prestige","unknown","tier_d",""
"audi-q7-2024-premium",2024,"Audi","Q7","Premium","unknown","tier_d",""
"audi-q7-2024-premium-plus",2024,"Audi","Q7","Premium Plus","unknown","tier_d",""
"audi-q7-2024-prestige",2024,"Audi","Q7","Prestige","unknown","tier_d",""
"audi-q7-2025-premium",2025,"Audi","Q7","Premium","unknown","tier_d",""
"audi-q7-2025-premium-plus",2025,"Audi","Q7","Premium Plus","unknown","tier_d",""
"audi-q7-2025-prestige",2025,"Audi","Q7","Prestige","unknown","tier_d",""
"audi-q8-2023-premium",2023,"Audi","Q8","Premium","unknown","tier_d",""
"audi-q8-2023-premium-plus",2023,"Audi","Q8","Premium Plus","unknown","tier_d",""
"audi-q8-2024-premium",2024,"Audi","Q8","Premium","unknown","tier_d",""
"audi-q8-2024-premium-plus",2024,"Audi","Q8","Premium Plus","unknown","tier_d",""
"audi-q8-2025-premium",2025,"Audi","Q8","Premium","unknown","tier_d",""
"audi-q8-2025-premium-plus",2025,"Audi","Q8","Premium Plus","unknown","tier_d",""
"bmw-i4-2022-edrive35",2022,"BMW","i4","eDrive35","unknown","tier_d",""
"bmw-i4-2022-edrive40",2022,"BMW","i4","eDrive40","unknown","tier_d",""
"bmw-i4-2022-xdrive40",2022,"BMW","i4","xDrive40","unknown","tier_d",""
"bmw-ix-2022-xdrive50",2022,"BMW","iX","xDrive50","unknown","tier_d",""
"bmw-ix3-2022-m-sport",2022,"BMW","iX3","M Sport","unknown","tier_d",""
"bmw-ix3-2023-m-sport",2023,"BMW","iX3","M Sport","unknown","tier_d",""
"buick-enclave-2022-avenir",2022,"Buick","Enclave","Avenir","unknown","tier_d",""
"buick-enclave-2022-essence",2022,"Buick","Enclave","Essence","unknown","tier_d",""
"buick-enclave-2022-preferred",2022,"Buick","Enclave","Preferred","unknown","tier_d",""
"buick-enclave-2023-avenir",2023,"Buick","Enclave","Avenir","unknown","tier_d",""
"buick-enclave-2023-essence",2023,"Buick","Enclave","Essence","unknown","tier_d",""
"buick-enclave-2023-preferred",2023,"Buick","Enclave","Preferred","unknown","tier_d",""
"buick-enclave-2024-avenir",2024,"Buick","Enclave","Avenir","unknown","tier_d",""
"buick-enclave-2024-essence",2024,"Buick","Enclave","Essence","unknown","tier_d",""
"buick-enclave-2024-preferred",2024,"Buick","Enclave","Preferred","unknown","tier_d",""
"buick-enclave-2025-avenir",2025,"Buick","Enclave","Avenir","unknown","tier_d",""
"buick-enclave-2025-essence",2025,"Buick","Enclave","Essence","unknown","tier_d",""
"buick-enclave-2025-preferred",2025,"Buick","Enclave","Preferred","unknown","tier_d",""
"buick-encore-gx-2020-avenir",2020,"Buick","Encore GX","Avenir","unknown","tier_d",""
"buick-encore-gx-2020-essence",2020,"Buick","Encore GX","Essence","unknown","tier_d",""
"buick-encore-gx-2020-preferred",2020,"Buick","Encore GX","Preferred","unknown","tier_d",""
"buick-encore-gx-2021-avenir",2021,"Buick","Encore GX","Avenir","unknown","tier_d",""
"buick-encore-gx-2021-essence",2021,"Buick","Encore GX","Essence","unknown","tier_d",""
"buick-encore-gx-2021-preferred",2021,"Buick","Encore GX","Preferred","unknown","tier_d",""
"buick-encore-gx-2022-avenir",2022,"Buick","Encore GX","Avenir","unknown","tier_d",""
"buick-encore-gx-2022-essence",2022,"Buick","Encore GX","Essence","unknown","tier_d",""
"buick-encore-gx-2022-preferred",2022,"Buick","Encore GX","Preferred","unknown","tier_d",""
"buick-encore-gx-2023-avenir",2023,"Buick","Encore GX","Avenir","unknown","tier_d",""
"buick-encore-gx-2023-essence",2023,"Buick","Encore GX","Essence","unknown","tier_d",""
"buick-encore-gx-2023-preferred",2023,"Buick","Encore GX","Preferred","unknown","tier_d",""
"buick-encore-gx-2024-avenir",2024,"Buick","Encore GX","Avenir","unknown","tier_d",""
"buick-encore-gx-2024-essence",2024,"Buick","Encore GX","Essence","unknown","tier_d",""
"buick-encore-gx-2024-preferred",2024,"Buick","Encore GX","Preferred","unknown","tier_d",""
"buick-encore-gx-2025-avenir",2025,"Buick","Encore GX","Avenir","unknown","tier_d",""
"buick-encore-gx-2025-essence",2025,"Buick","Encore GX","Essence","unknown","tier_d",""
"buick-encore-gx-2025-preferred",2025,"Buick","Encore GX","Preferred","unknown","tier_d",""
"chevrolet-blazer-2023-lt",2023,"Chevrolet","Blazer","LT","unknown","tier_d",""
"chevrolet-blazer-2023-premier",2023,"Chevrolet","Blazer","Premier","unknown","tier_d",""
"chevrolet-blazer-2023-rs",2023,"Chevrolet","Blazer","RS","unknown","tier_d",""
"chevrolet-blazer-2024-lt",2024,"Chevrolet","Blazer","LT","unknown","tier_d",""
"chevrolet-blazer-2024-premier",2024,"Chevrolet","Blazer","Premier","unknown","tier_d",""
"chevrolet-blazer-2024-rs",2024,"Chevrolet","Blazer","RS","unknown","tier_d",""
"chevrolet-blazer-2025-lt",2025,"Chevrolet","Blazer","LT","unknown","tier_d",""
"chevrolet-blazer-2025-premier",2025,"Chevrolet","Blazer","Premier","unknown","tier_d",""
"chevrolet-blazer-2025-rs",2025,"Chevrolet","Blazer","RS","unknown","tier_d",""
"chevrolet-bolt-ev-2020-1lt",2020,"Chevrolet","Bolt EV","1LT","unknown","tier_d",""
"chevrolet-bolt-ev-2020-2lt",2020,"Chevrolet","Bolt EV","2LT","unknown","tier_d",""
"chevrolet-bolt-ev-2023-1lt",2023,"Chevrolet","Bolt EV","1LT","unknown","tier_d",""
"chevrolet-bolt-ev-2023-2lt",2023,"Chevrolet","Bolt EV","2LT","unknown","tier_d",""
"chevrolet-equinox-2023-activ",2023,"Chevrolet","Equinox","Activ","unknown","tier_d",""
"chevrolet-equinox-2023-lt",2023,"Chevrolet","Equinox","LT","unknown","tier_d",""
"chevrolet-equinox-2023-rs",2023,"Chevrolet","Equinox","RS","unknown","tier_d",""
"chevrolet-equinox-2024-activ",2024,"Chevrolet","Equinox","Activ","unknown","tier_d",""
"chevrolet-equinox-2024-lt",2024,"Chevrolet","Equinox","LT","unknown","tier_d",""
"chevrolet-equinox-2024-rs",2024,"Chevrolet","Equinox","RS","unknown","tier_d",""
"chevrolet-equinox-2025-activ",2025,"Chevrolet","Equinox","Activ","unknown","tier_d",""
"chevrolet-equinox-2025-lt",2025,"Chevrolet","Equinox","LT","unknown","tier_d",""
"chevrolet-equinox-2025-rs",2025,"Chevrolet","Equinox","RS","unknown","tier_d",""
"chevrolet-malibu-2023-ls",2023,"Chevrolet","Malibu","LS","unknown","tier_d",""
"chevrolet-malibu-2023-premier",2023,"Chevrolet","Malibu","Premier","unknown","tier_d",""
"chevrolet-malibu-2023-rs",2023,"Chevrolet","Malibu","RS","unknown","tier_d",""
"chevrolet-malibu-2024-ls",2024,"Chevrolet","Malibu","LS","unknown","tier_d",""
"chevrolet-malibu-2024-premier",2024,"Chevrolet","Malibu","Premier","unknown","tier_d",""
"chevrolet-malibu-2024-rs",2024,"Chevrolet","Malibu","RS","unknown","tier_d",""
"chevrolet-traverse-2023-lt",2023,"Chevrolet","Traverse","LT","unknown","tier_d",""
"chevrolet-traverse-2023-premier",2023,"Chevrolet","Traverse","Premier","unknown","tier_d",""
"chevrolet-traverse-2023-rs",2023,"Chevrolet","Traverse","RS","unknown","tier_d",""
"chevrolet-traverse-2024-lt",2024,"Chevrolet","Traverse","LT","unknown","tier_d",""
"chevrolet-traverse-2024-premier",2024,"Chevrolet","Traverse","Premier","unknown","tier_d",""
"chevrolet-traverse-2024-rs",2024,"Chevrolet","Traverse","RS","unknown","tier_d",""
"chevrolet-traverse-2025-lt",2025,"Chevrolet","Traverse","LT","unknown","tier_d",""
"chevrolet-traverse-2025-premier",2025,"Chevrolet","Traverse","Premier","unknown","tier_d",""
"chevrolet-traverse-2025-rs",2025,"Chevrolet","Traverse","RS","unknown","tier_d",""
"chrysler-pacifica-2020-limited",2020,"Chrysler","Pacifica","Limited","unknown","tier_d",""
"chrysler-pacifica-2020-touring",2020,"Chrysler","Pacifica","Touring","unknown","tier_d",""
"chrysler-pacifica-2020-touring-l",2020,"Chrysler","Pacifica","Touring L","unknown","tier_d",""
"chrysler-pacifica-2021-limited",2021,"Chrysler","Pacifica","Limited","unknown","tier_d",""
"chrysler-pacifica-2021-touring",2021,"Chrysler","Pacifica","Touring","unknown","tier_d",""
"chrysler-pacifica-2021-touring-l",2021,"Chrysler","Pacifica","Touring L","unknown","tier_d",""
"chrysler-pacifica-2022-limited",2022,"Chrysler","Pacifica","Limited","unknown","tier_d",""
"chrysler-pacifica-2022-touring",2022,"Chrysler","Pacifica","Touring","unknown","tier_d",""
"chrysler-pacifica-2022-touring-l",2022,"Chrysler","Pacifica","Touring L","unknown","tier_d",""
"chrysler-pacifica-2023-limited",2023,"Chrysler","Pacifica","Limited","unknown","tier_d",""
"chrysler-pacifica-2023-touring",2023,"Chrysler","Pacifica","Touring","unknown","tier_d",""
"chrysler-pacifica-2023-touring-l",2023,"Chrysler","Pacifica","Touring L","unknown","tier_d",""
"chrysler-pacifica-2024-limited",2024,"Chrysler","Pacifica","Limited","unknown","tier_d",""
"chrysler-pacifica-2024-touring",2024,"Chrysler","Pacifica","Touring","unknown","tier_d",""
"chrysler-pacifica-2024-touring-l",2024,"Chrysler","Pacifica","Touring L","unknown","tier_d",""
"chrysler-pacifica-2025-limited",2025,"Chrysler","Pacifica","Limited","unknown","tier_d",""
"chrysler-pacifica-2025-touring",2025,"Chrysler","Pacifica","Touring","unknown","tier_d",""
"chrysler-pacifica-2025-touring-l",2025,"Chrysler","Pacifica","Touring L","unknown","tier_d",""
"ford-bronco-sport-2021-base",2021,"Ford","Bronco Sport","Base","unknown","tier_d",""
"ford-bronco-sport-2021-big-bend",2021,"Ford","Bronco Sport","Big Bend","unknown","tier_d",""
"ford-bronco-sport-2021-outer-banks",2021,"Ford","Bronco Sport","Outer Banks","unknown","tier_d",""
"ford-bronco-sport-2022-base",2022,"Ford","Bronco Sport","Base","unknown","tier_d",""
"ford-bronco-sport-2022-big-bend",2022,"Ford","Bronco Sport","Big Bend","unknown","tier_d",""
"ford-bronco-sport-2022-outer-banks",2022,"Ford","Bronco Sport","Outer Banks","unknown","tier_d",""
"ford-bronco-sport-2023-base",2023,"Ford","Bronco Sport","Base","unknown","tier_d",""
"ford-bronco-sport-2023-big-bend",2023,"Ford","Bronco Sport","Big Bend","unknown","tier_d",""
"ford-bronco-sport-2023-outer-banks",2023,"Ford","Bronco Sport","Outer Banks","unknown","tier_d",""
"ford-bronco-sport-2024-base",2024,"Ford","Bronco Sport","Base","unknown","tier_d",""
"ford-bronco-sport-2024-big-bend",2024,"Ford","Bronco Sport","Big Bend","unknown","tier_d",""
"ford-bronco-sport-2024-outer-banks",2024,"Ford","Bronco Sport","Outer Banks","unknown","tier_d",""
"ford-escape-2020-se",2020,"Ford","Escape","SE","unknown","tier_d",""
"ford-escape-2020-sel",2020,"Ford","Escape","SEL","unknown","tier_d",""
"ford-escape-2020-titanium",2020,"Ford","Escape","Titanium","unknown","tier_d",""
"ford-escape-2021-se",2021,"Ford","Escape","SE","unknown","tier_d",""
"ford-escape-2021-sel",2021,"Ford","Escape","SEL","unknown","tier_d",""
"ford-escape-2021-titanium",2021,"Ford","Escape","Titanium","unknown","tier_d",""
"ford-escape-2022-se",2022,"Ford","Escape","SE","unknown","tier_d",""
"ford-escape-2022-sel",2022,"Ford","Escape","SEL","unknown","tier_d",""
"ford-escape-2022-titanium",2022,"Ford","Escape","Titanium","unknown","tier_d",""
"ford-escape-2023-se",2023,"Ford","Escape","SE","unknown","tier_d",""
"ford-escape-2023-sel",2023,"Ford","Escape","SEL","unknown","tier_d",""
"ford-escape-2023-titanium",2023,"Ford","Escape","Titanium","unknown","tier_d",""
"ford-escape-2024-sel",2024,"Ford","Escape","SEL","unknown","tier_d",""
"ford-escape-2024-titanium",2024,"Ford","Escape","Titanium","unknown","tier_d",""
"ford-explorer-2020-limited",2020,"Ford","Explorer","Limited","unknown","tier_d",""
"ford-explorer-2020-st",2020,"Ford","Explorer","ST","unknown","tier_d",""
"ford-explorer-2020-xlt",2020,"Ford","Explorer","XLT","unknown","tier_d",""
"ford-explorer-2021-limited",2021,"Ford","Explorer","Limited","unknown","tier_d",""
"ford-explorer-2021-st",2021,"Ford","Explorer","ST","unknown","tier_d",""
"ford-explorer-2021-xlt",2021,"Ford","Explorer","XLT","unknown","tier_d",""
"ford-explorer-2022-limited",2022,"Ford","Explorer","Limited","unknown","tier_d",""
"ford-explorer-2022-st",2022,"Ford","Explorer","ST","unknown","tier_d",""
"ford-explorer-2022-xlt",2022,"Ford","Explorer","XLT","unknown","tier_d",""
"ford-explorer-2023-limited",2023,"Ford","Explorer","Limited","unknown","tier_d",""
"ford-explorer-2023-st",2023,"Ford","Explorer","ST","unknown","tier_d",""
"ford-explorer-2023-xlt",2023,"Ford","Explorer","XLT","unknown","tier_d",""
"ford-explorer-2024-limited",2024,"Ford","Explorer","Limited","unknown","tier_d",""
"ford-explorer-2024-st",2024,"Ford","Explorer","ST","unknown","tier_d",""
"ford-explorer-2025-limited",2025,"Ford","Explorer","Limited","unknown","tier_d",""
"ford-explorer-2025-st",2025,"Ford","Explorer","ST","unknown","tier_d",""
"ford-explorer-2025-xlt",2025,"Ford","Explorer","XLT","unknown","tier_d",""
"ford-mustang-mach-e-2021-gt",2021,"Ford","Mustang Mach-E","GT","unknown","tier_d",""
"ford-mustang-mach-e-2021-premium",2021,"Ford","Mustang Mach-E","Premium","unknown","tier_d",""
"ford-mustang-mach-e-2021-select",2021,"Ford","Mustang Mach-E","Select","unknown","tier_d",""
"ford-mustang-mach-e-2022-gt",2022,"Ford","Mustang Mach-E","GT","unknown","tier_d",""
"ford-mustang-mach-e-2022-premium",2022,"Ford","Mustang Mach-E","Premium","unknown","tier_d",""
"ford-mustang-mach-e-2022-select",2022,"Ford","Mustang Mach-E","Select","unknown","tier_d",""
"ford-mustang-mach-e-2023-gt",2023,"Ford","Mustang Mach-E","GT","unknown","tier_d",""
"ford-mustang-mach-e-2023-premium",2023,"Ford","Mustang Mach-E","Premium","unknown","tier_d",""
"ford-mustang-mach-e-2023-select",2023,"Ford","Mustang Mach-E","Select","unknown","tier_d",""
"ford-mustang-mach-e-2024-gt",2024,"Ford","Mustang Mach-E","GT","unknown","tier_d",""
"ford-mustang-mach-e-2024-premium",2024,"Ford","Mustang Mach-E","Premium","unknown","tier_d",""
"ford-mustang-mach-e-2024-select",2024,"Ford","Mustang Mach-E","Select","unknown","tier_d",""
"ford-mustang-mach-e-2025-gt",2025,"Ford","Mustang Mach-E","GT","unknown","tier_d",""
"ford-mustang-mach-e-2025-premium",2025,"Ford","Mustang Mach-E","Premium","unknown","tier_d",""
"ford-mustang-mach-e-2025-select",2025,"Ford","Mustang Mach-E","Select","unknown","tier_d",""
"genesis-g70-2019-2-0t",2019,"Genesis","G70","2.0T","unknown","tier_d",""
"genesis-g70-2019-3-3t",2019,"Genesis","G70","3.3T","unknown","tier_d",""
"genesis-g70-2019-sport",2019,"Genesis","G70","Sport","unknown","tier_d",""
"genesis-g70-2020-2-0t",2020,"Genesis","G70","2.0T","unknown","tier_d",""
"genesis-g70-2020-3-3t",2020,"Genesis","G70","3.3T","unknown","tier_d",""
"genesis-g70-2020-sport",2020,"Genesis","G70","Sport","unknown","tier_d",""
"genesis-g70-2021-2-0t",2021,"Genesis","G70","2.0T","unknown","tier_d",""
"genesis-g70-2021-3-3t",2021,"Genesis","G70","3.3T","unknown","tier_d",""
"genesis-g70-2021-sport",2021,"Genesis","G70","Sport","unknown","tier_d",""
"genesis-g70-2022-2-0t",2022,"Genesis","G70","2.0T","unknown","tier_d",""
"genesis-g70-2022-3-3t",2022,"Genesis","G70","3.3T","unknown","tier_d",""
"genesis-g70-2022-sport",2022,"Genesis","G70","Sport","unknown","tier_d",""
"genesis-g80-2021-electrified",2021,"Genesis","G80","Electrified","unknown","tier_d",""
"genesis-g80-2022-electrified",2022,"Genesis","G80","Electrified","unknown","tier_d",""
"genesis-g80-2023-electrified",2023,"Genesis","G80","Electrified","unknown","tier_d",""
"genesis-g80-2024-electrified",2024,"Genesis","G80","Electrified","unknown","tier_d",""
"genesis-g80-2025-electrified",2025,"Genesis","G80","Electrified","unknown","tier_d",""
"genesis-gv60-2025-advanced",2025,"Genesis","GV60","Advanced","unknown","tier_d",""
"genesis-gv60-2025-performance",2025,"Genesis","GV60","Performance","unknown","tier_d",""
"genesis-gv70-2022-electrified",2022,"Genesis","GV70","Electrified","unknown","tier_d",""
"genesis-gv70-2023-electrified",2023,"Genesis","GV70","Electrified","unknown","tier_d",""
"genesis-gv70-2024-electrified",2024,"Genesis","GV70","Electrified","unknown","tier_d",""
"genesis-gv70-2025-2-5t",2025,"Genesis","GV70","2.5T","unknown","tier_d",""
"genesis-gv70-2025-3-5t",2025,"Genesis","GV70","3.5T","unknown","tier_d",""
"genesis-gv70-2025-electrified",2025,"Genesis","GV70","Electrified","unknown","tier_d",""
"honda-accord-2020-ex",2020,"Honda","Accord","EX","unknown","tier_d",""
"honda-accord-2020-ex-hybrid",2020,"Honda","Accord","EX","unknown","tier_d",""
"honda-accord-2020-sport",2020,"Honda","Accord","Sport","unknown","tier_d",""
"honda-accord-2020-touring",2020,"Honda","Accord","Touring","unknown","tier_d",""
"honda-accord-2021-ex",2021,"Honda","Accord","EX","unknown","tier_d",""
"honda-accord-2021-ex-hybrid",2021,"Honda","Accord","EX","unknown","tier_d",""
"honda-accord-2021-sport",2021,"Honda","Accord","Sport","unknown","tier_d",""
"honda-accord-2021-touring",2021,"Honda","Accord","Touring","unknown","tier_d",""
"honda-accord-2022-ex",2022,"Honda","Accord","EX","unknown","tier_d",""
"honda-accord-2022-ex-hybrid",2022,"Honda","Accord","EX","unknown","tier_d",""
"honda-accord-2022-sport",2022,"Honda","Accord","Sport","unknown","tier_d",""
"honda-accord-2022-touring",2022,"Honda","Accord","Touring","unknown","tier_d",""
"honda-accord-2023-ex",2023,"Honda","Accord","EX","unknown","tier_d",""
"honda-accord-2023-ex-hybrid",2023,"Honda","Accord","EX","unknown","tier_d",""
"honda-accord-2023-sport",2023,"Honda","Accord","Sport","unknown","tier_d",""
"honda-accord-2023-touring",2023,"Honda","Accord","Touring","unknown","tier_d",""
"honda-accord-2024-ex-hybrid",2024,"Honda","Accord","EX","unknown","tier_d",""
"honda-accord-2024-sport",2024,"Honda","Accord","Sport","unknown","tier_d",""
"honda-accord-2024-touring",2024,"Honda","Accord","Touring","unknown","tier_d",""
"honda-accord-2025-ex",2025,"Honda","Accord","EX","unknown","tier_d",""
"honda-accord-2025-ex-hybrid",2025,"Honda","Accord","EX","unknown","tier_d",""
"honda-accord-2025-sport",2025,"Honda","Accord","Sport","unknown","tier_d",""
"honda-accord-2025-touring",2025,"Honda","Accord","Touring","unknown","tier_d",""
"honda-civic-2020-ex",2020,"Honda","Civic","EX","unknown","tier_d",""
"honda-civic-2020-sport",2020,"Honda","Civic","Sport","unknown","tier_d",""
"honda-civic-2020-touring",2020,"Honda","Civic","Touring","unknown","tier_d",""
"honda-civic-2021-ex",2021,"Honda","Civic","EX","unknown","tier_d",""
"honda-civic-2021-sport",2021,"Honda","Civic","Sport","unknown","tier_d",""
"honda-civic-2021-touring",2021,"Honda","Civic","Touring","unknown","tier_d",""
"honda-civic-2022-ex",2022,"Honda","Civic","EX","unknown","tier_d",""
"honda-civic-2022-sport",2022,"Honda","Civic","Sport","unknown","tier_d",""
"honda-civic-2022-touring",2022,"Honda","Civic","Touring","unknown","tier_d",""
"honda-civic-2023-ex",2023,"Honda","Civic","EX","unknown","tier_d",""
"honda-civic-2023-sport",2023,"Honda","Civic","Sport","unknown","tier_d",""
"honda-civic-2023-touring",2023,"Honda","Civic","Touring","unknown","tier_d",""
"honda-civic-2024-ex",2024,"Honda","Civic","EX","unknown","tier_d",""
"honda-civic-2024-touring",2024,"Honda","Civic","Touring","unknown","tier_d",""
"honda-civic-2025-ex",2025,"Honda","Civic","EX","unknown","tier_d",""
"honda-civic-2025-sport",2025,"Honda","Civic","Sport","unknown","tier_d",""
"honda-civic-2025-touring",2025,"Honda","Civic","Touring","unknown","tier_d",""
"honda-passport-2020-elite",2020,"Honda","Passport","Elite","unknown","tier_d",""
"honda-passport-2020-ex-l",2020,"Honda","Passport","EX-L","unknown","tier_d",""
"honda-passport-2020-touring",2020,"Honda","Passport","Touring","unknown","tier_d",""
"honda-passport-2021-elite",2021,"Honda","Passport","Elite","unknown","tier_d",""
"honda-passport-2021-ex-l",2021,"Honda","Passport","EX-L","unknown","tier_d",""
"honda-passport-2021-touring",2021,"Honda","Passport","Touring","unknown","tier_d",""
"honda-passport-2022-elite",2022,"Honda","Passport","Elite","unknown","tier_d",""
"honda-passport-2022-ex-l",2022,"Honda","Passport","EX-L","unknown","tier_d",""
"honda-passport-2022-touring",2022,"Honda","Passport","Touring","unknown","tier_d",""
"honda-passport-2023-elite",2023,"Honda","Passport","Elite","unknown","tier_d",""
"honda-passport-2023-ex-l",2023,"Honda","Passport","EX-L","unknown","tier_d",""
"honda-passport-2023-touring",2023,"Honda","Passport","Touring","unknown","tier_d",""
"honda-passport-2024-elite",2024,"Honda","Passport","Elite","unknown","tier_d",""
"honda-passport-2024-touring",2024,"Honda","Passport","Touring","unknown","tier_d",""
"honda-passport-2025-elite",2025,"Honda","Passport","Elite","unknown","tier_d",""
"honda-passport-2025-ex-l",2025,"Honda","Passport","EX-L","unknown","tier_d",""
"honda-passport-2025-touring",2025,"Honda","Passport","Touring","unknown","tier_d",""
"hyundai-elantra-2020-limited",2020,"Hyundai","Elantra","Limited","unknown","tier_d",""
"hyundai-elantra-2020-se",2020,"Hyundai","Elantra","SE","unknown","tier_d",""
"hyundai-elantra-2020-sel",2020,"Hyundai","Elantra","SEL","unknown","tier_d",""
"hyundai-elantra-2021-limited",2021,"Hyundai","Elantra","Limited","unknown","tier_d",""
"hyundai-elantra-2021-se",2021,"Hyundai","Elantra","SE","unknown","tier_d",""
"hyundai-elantra-2021-sel",2021,"Hyundai","Elantra","SEL","unknown","tier_d",""
"hyundai-elantra-2022-limited",2022,"Hyundai","Elantra","Limited","unknown","tier_d",""
"hyundai-elantra-2022-se",2022,"Hyundai","Elantra","SE","unknown","tier_d",""
"hyundai-elantra-2022-sel",2022,"Hyundai","Elantra","SEL","unknown","tier_d",""
"hyundai-elantra-2023-limited",2023,"Hyundai","Elantra","Limited","unknown","tier_d",""
"hyundai-elantra-2023-se",2023,"Hyundai","Elantra","SE","unknown","tier_d",""
"hyundai-elantra-2023-sel",2023,"Hyundai","Elantra","SEL","unknown","tier_d",""
"hyundai-elantra-2024-limited",2024,"Hyundai","Elantra","Limited","unknown","tier_d",""
"hyundai-elantra-2024-sel",2024,"Hyundai","Elantra","SEL","unknown","tier_d",""
"hyundai-elantra-2025-limited",2025,"Hyundai","Elantra","Limited","unknown","tier_d",""
"hyundai-elantra-2025-se",2025,"Hyundai","Elantra","SE","unknown","tier_d",""
"hyundai-elantra-2025-sel",2025,"Hyundai","Elantra","SEL","unknown","tier_d",""
"hyundai-ioniq-5-2022-limited",2022,"Hyundai","IONIQ 5","Limited","unknown","tier_d",""
"hyundai-ioniq-5-2022-se",2022,"Hyundai","IONIQ 5","SE","unknown","tier_d",""
"hyundai-ioniq-5-2022-sel",2022,"Hyundai","IONIQ 5","SEL","unknown","tier_d",""
"hyundai-ioniq-5-2023-limited",2023,"Hyundai","IONIQ 5","Limited","unknown","tier_d",""
"hyundai-ioniq-5-2023-se",2023,"Hyundai","IONIQ 5","SE","unknown","tier_d",""
"hyundai-ioniq-5-2023-sel",2023,"Hyundai","IONIQ 5","SEL","unknown","tier_d",""
"hyundai-ioniq-5-2024-limited",2024,"Hyundai","IONIQ 5","Limited","unknown","tier_d",""
"hyundai-ioniq-5-2024-se",2024,"Hyundai","IONIQ 5","SE","unknown","tier_d",""
"hyundai-ioniq-5-2024-sel",2024,"Hyundai","IONIQ 5","SEL","unknown","tier_d",""
"hyundai-ioniq-5-2025-limited",2025,"Hyundai","IONIQ 5","Limited","unknown","tier_d",""
"hyundai-ioniq-5-2025-se",2025,"Hyundai","IONIQ 5","SE","unknown","tier_d",""
"hyundai-ioniq-5-2025-sel",2025,"Hyundai","IONIQ 5","SEL","unknown","tier_d",""
"hyundai-kona-2020-limited",2020,"Hyundai","Kona","Limited","unknown","tier_d",""
"hyundai-kona-2020-se",2020,"Hyundai","Kona","SE","unknown","tier_d",""
"hyundai-kona-2020-sel",2020,"Hyundai","Kona","SEL","unknown","tier_d",""
"hyundai-kona-2021-limited",2021,"Hyundai","Kona","Limited","unknown","tier_d",""
"hyundai-kona-2021-se",2021,"Hyundai","Kona","SE","unknown","tier_d",""
"hyundai-kona-2021-sel",2021,"Hyundai","Kona","SEL","unknown","tier_d",""
"hyundai-kona-2022-limited",2022,"Hyundai","Kona","Limited","unknown","tier_d",""
"hyundai-kona-2022-se",2022,"Hyundai","Kona","SE","unknown","tier_d",""
"hyundai-kona-2022-sel",2022,"Hyundai","Kona","SEL","unknown","tier_d",""
"hyundai-kona-2023-limited",2023,"Hyundai","Kona","Limited","unknown","tier_d",""
"hyundai-kona-2023-se",2023,"Hyundai","Kona","SE","unknown","tier_d",""
"hyundai-kona-2023-sel",2023,"Hyundai","Kona","SEL","unknown","tier_d",""
"hyundai-kona-2024-limited",2024,"Hyundai","Kona","Limited","unknown","tier_d",""
"hyundai-kona-2024-se",2024,"Hyundai","Kona","SE","unknown","tier_d",""
"hyundai-kona-2024-sel",2024,"Hyundai","Kona","SEL","unknown","tier_d",""
"hyundai-kona-2025-limited",2025,"Hyundai","Kona","Limited","unknown","tier_d",""
"hyundai-kona-2025-se",2025,"Hyundai","Kona","SE","unknown","tier_d",""
"hyundai-kona-2025-sel",2025,"Hyundai","Kona","SEL","unknown","tier_d",""
"hyundai-palisade-2020-limited",2020,"Hyundai","Palisade","Limited","unknown","tier_d",""
"hyundai-palisade-2020-se",2020,"Hyundai","Palisade","SE","unknown","tier_d",""
"hyundai-palisade-2020-sel",2020,"Hyundai","Palisade","SEL","unknown","tier_d",""
"hyundai-palisade-2021-limited",2021,"Hyundai","Palisade","Limited","unknown","tier_d",""
"hyundai-palisade-2021-se",2021,"Hyundai","Palisade","SE","unknown","tier_d",""
"hyundai-palisade-2021-sel",2021,"Hyundai","Palisade","SEL","unknown","tier_d",""
"hyundai-palisade-2022-limited",2022,"Hyundai","Palisade","Limited","unknown","tier_d",""
"hyundai-palisade-2022-se",2022,"Hyundai","Palisade","SE","unknown","tier_d",""
"hyundai-palisade-2022-sel",2022,"Hyundai","Palisade","SEL","unknown","tier_d",""
"hyundai-palisade-2023-limited",2023,"Hyundai","Palisade","Limited","unknown","tier_d",""
"hyundai-palisade-2023-se",2023,"Hyundai","Palisade","SE","unknown","tier_d",""
"hyundai-palisade-2023-sel",2023,"Hyundai","Palisade","SEL","unknown","tier_d",""
"hyundai-palisade-2024-limited",2024,"Hyundai","Palisade","Limited","unknown","tier_d",""
"hyundai-palisade-2024-se",2024,"Hyundai","Palisade","SE","unknown","tier_d",""
"hyundai-palisade-2024-sel",2024,"Hyundai","Palisade","SEL","unknown","tier_d",""
"hyundai-palisade-2025-limited",2025,"Hyundai","Palisade","Limited","unknown","tier_d",""
"hyundai-palisade-2025-se",2025,"Hyundai","Palisade","SE","unknown","tier_d",""
"hyundai-palisade-2025-sel",2025,"Hyundai","Palisade","SEL","unknown","tier_d",""
"hyundai-santa-fe-2020-limited",2020,"Hyundai","Santa Fe","Limited","unknown","tier_d",""
"hyundai-santa-fe-2020-se",2020,"Hyundai","Santa Fe","SE","unknown","tier_d",""
"hyundai-santa-fe-2020-sel",2020,"Hyundai","Santa Fe","SEL","unknown","tier_d",""
"hyundai-santa-fe-2021-limited",2021,"Hyundai","Santa Fe","Limited","unknown","tier_d",""
"hyundai-santa-fe-2021-se",2021,"Hyundai","Santa Fe","SE","unknown","tier_d",""
"hyundai-santa-fe-2021-sel",2021,"Hyundai","Santa Fe","SEL","unknown","tier_d",""
"hyundai-santa-fe-2022-limited",2022,"Hyundai","Santa Fe","Limited","unknown","tier_d",""
"hyundai-santa-fe-2022-se",2022,"Hyundai","Santa Fe","SE","unknown","tier_d",""
"hyundai-santa-fe-2022-sel",2022,"Hyundai","Santa Fe","SEL","unknown","tier_d",""
"hyundai-santa-fe-2023-limited",2023,"Hyundai","Santa Fe","Limited","unknown","tier_d",""
"hyundai-santa-fe-2023-se",2023,"Hyundai","Santa Fe","SE","unknown","tier_d",""
"hyundai-santa-fe-2023-sel",2023,"Hyundai","Santa Fe","SEL","unknown","tier_d",""
"hyundai-santa-fe-2024-limited",2024,"Hyundai","Santa Fe","Limited","unknown","tier_d",""
"hyundai-santa-fe-2024-sel",2024,"Hyundai","Santa Fe","SEL","unknown","tier_d",""
"hyundai-santa-fe-2025-limited",2025,"Hyundai","Santa Fe","Limited","unknown","tier_d",""
"hyundai-santa-fe-2025-se",2025,"Hyundai","Santa Fe","SE","unknown","tier_d",""
"hyundai-santa-fe-2025-sel",2025,"Hyundai","Santa Fe","SEL","unknown","tier_d",""
"hyundai-sonata-2020-limited",2020,"Hyundai","Sonata","Limited","unknown","tier_d",""
"hyundai-sonata-2020-se",2020,"Hyundai","Sonata","SE","unknown","tier_d",""
"hyundai-sonata-2020-sel",2020,"Hyundai","Sonata","SEL","unknown","tier_d",""
"hyundai-sonata-2021-limited",2021,"Hyundai","Sonata","Limited","unknown","tier_d",""
"hyundai-sonata-2021-se",2021,"Hyundai","Sonata","SE","unknown","tier_d",""
"hyundai-sonata-2021-sel",2021,"Hyundai","Sonata","SEL","unknown","tier_d",""
"hyundai-sonata-2022-limited",2022,"Hyundai","Sonata","Limited","unknown","tier_d",""
"hyundai-sonata-2022-se",2022,"Hyundai","Sonata","SE","unknown","tier_d",""
"hyundai-sonata-2022-sel",2022,"Hyundai","Sonata","SEL","unknown","tier_d",""
"hyundai-sonata-2023-limited",2023,"Hyundai","Sonata","Limited","unknown","tier_d",""
"hyundai-sonata-2023-se",2023,"Hyundai","Sonata","SE","unknown","tier_d",""
"hyundai-sonata-2023-sel",2023,"Hyundai","Sonata","SEL","unknown","tier_d",""
"hyundai-sonata-2024-limited",2024,"Hyundai","Sonata","Limited","unknown","tier_d",""
"hyundai-sonata-2024-se",2024,"Hyundai","Sonata","SE","unknown","tier_d",""
"hyundai-sonata-2024-sel",2024,"Hyundai","Sonata","SEL","unknown","tier_d",""
"hyundai-sonata-2025-limited",2025,"Hyundai","Sonata","Limited","unknown","tier_d",""
"hyundai-sonata-2025-se",2025,"Hyundai","Sonata","SE","unknown","tier_d",""
"hyundai-sonata-2025-sel",2025,"Hyundai","Sonata","SEL","unknown","tier_d",""
"hyundai-tucson-2020-limited",2020,"Hyundai","Tucson","Limited","unknown","tier_d",""
"hyundai-tucson-2020-se",2020,"Hyundai","Tucson","SE","unknown","tier_d",""
"hyundai-tucson-2020-sel",2020,"Hyundai","Tucson","SEL","unknown","tier_d",""
"hyundai-tucson-2021-limited",2021,"Hyundai","Tucson","Limited","unknown","tier_d",""
"hyundai-tucson-2021-se",2021,"Hyundai","Tucson","SE","unknown","tier_d",""
"hyundai-tucson-2021-sel",2021,"Hyundai","Tucson","SEL","unknown","tier_d",""
"hyundai-tucson-2022-limited",2022,"Hyundai","Tucson","Limited","unknown","tier_d",""
"hyundai-tucson-2022-se",2022,"Hyundai","Tucson","SE","unknown","tier_d",""
"hyundai-tucson-2022-sel",2022,"Hyundai","Tucson","SEL","unknown","tier_d",""
"hyundai-tucson-2023-limited",2023,"Hyundai","Tucson","Limited","unknown","tier_d",""
"hyundai-tucson-2023-se",2023,"Hyundai","Tucson","SE","unknown","tier_d",""
"hyundai-tucson-2023-sel",2023,"Hyundai","Tucson","SEL","unknown","tier_d",""
"hyundai-tucson-2024-limited",2024,"Hyundai","Tucson","Limited","unknown","tier_d",""
"hyundai-tucson-2024-sel",2024,"Hyundai","Tucson","SEL","unknown","tier_d",""
"hyundai-tucson-2025-limited",2025,"Hyundai","Tucson","Limited","unknown","tier_d",""
"hyundai-tucson-2025-se",2025,"Hyundai","Tucson","SE","unknown","tier_d",""
"hyundai-tucson-2025-sel",2025,"Hyundai","Tucson","SEL","unknown","tier_d",""
"jeep-grand-cherokee-2020-laredo",2020,"Jeep","Grand Cherokee","Laredo","unknown","tier_d",""
"jeep-grand-cherokee-2020-limited",2020,"Jeep","Grand Cherokee","Limited","unknown","tier_d",""
"jeep-grand-cherokee-2020-overland",2020,"Jeep","Grand Cherokee","Overland","unknown","tier_d",""
"jeep-grand-cherokee-2021-laredo",2021,"Jeep","Grand Cherokee","Laredo","unknown","tier_d",""
"jeep-grand-cherokee-2021-limited",2021,"Jeep","Grand Cherokee","Limited","unknown","tier_d",""
"jeep-grand-cherokee-2021-overland",2021,"Jeep","Grand Cherokee","Overland","unknown","tier_d",""
"jeep-grand-cherokee-2022-laredo",2022,"Jeep","Grand Cherokee","Laredo","unknown","tier_d",""
"jeep-grand-cherokee-2022-limited",2022,"Jeep","Grand Cherokee","Limited","unknown","tier_d",""
"jeep-grand-cherokee-2022-overland",2022,"Jeep","Grand Cherokee","Overland","unknown","tier_d",""
"jeep-grand-cherokee-2023-laredo",2023,"Jeep","Grand Cherokee","Laredo","unknown","tier_d",""
"jeep-grand-cherokee-2023-limited",2023,"Jeep","Grand Cherokee","Limited","unknown","tier_d",""
"jeep-grand-cherokee-2023-overland",2023,"Jeep","Grand Cherokee","Overland","unknown","tier_d",""
"jeep-grand-cherokee-2024-laredo",2024,"Jeep","Grand Cherokee","Laredo","unknown","tier_d",""
"jeep-grand-cherokee-2024-limited",2024,"Jeep","Grand Cherokee","Limited","unknown","tier_d",""
"jeep-grand-cherokee-2024-overland",2024,"Jeep","Grand Cherokee","Overland","unknown","tier_d",""
"jeep-grand-cherokee-2025-laredo",2025,"Jeep","Grand Cherokee","Laredo","unknown","tier_d",""
"jeep-grand-cherokee-2025-limited",2025,"Jeep","Grand Cherokee","Limited","unknown","tier_d",""
"jeep-grand-cherokee-2025-overland",2025,"Jeep","Grand Cherokee","Overland","unknown","tier_d",""
"kia-ev6-2022-gt-line",2022,"Kia","EV6","GT-Line","unknown","tier_d",""
"kia-ev6-2022-light",2022,"Kia","EV6","Light","unknown","tier_d",""
"kia-ev6-2022-wind",2022,"Kia","EV6","Wind","unknown","tier_d",""
"kia-ev6-2023-gt-line",2023,"Kia","EV6","GT-Line","unknown","tier_d",""
"kia-ev6-2023-light",2023,"Kia","EV6","Light","unknown","tier_d",""
"kia-ev6-2023-wind",2023,"Kia","EV6","Wind","unknown","tier_d",""
"kia-ev6-2024-gt-line",2024,"Kia","EV6","GT-Line","unknown","tier_d",""
"kia-ev6-2024-wind",2024,"Kia","EV6","Wind","unknown","tier_d",""
"kia-ev6-2025-gt-line",2025,"Kia","EV6","GT-Line","unknown","tier_d",""
"kia-ev6-2025-light",2025,"Kia","EV6","Light","unknown","tier_d",""
"kia-ev6-2025-wind",2025,"Kia","EV6","Wind","unknown","tier_d",""
"kia-forte-2020-fe",2020,"Kia","Forte","FE","unknown","tier_d",""
"kia-forte-2020-gt-line",2020,"Kia","Forte","GT-Line","unknown","tier_d",""
"kia-forte-2020-lxs",2020,"Kia","Forte","LXS","unknown","tier_d",""
"kia-forte-2021-fe",2021,"Kia","Forte","FE","unknown","tier_d",""
"kia-forte-2021-gt-line",2021,"Kia","Forte","GT-Line","unknown","tier_d",""
"kia-forte-2021-lxs",2021,"Kia","Forte","LXS","unknown","tier_d",""
"kia-forte-2022-fe",2022,"Kia","Forte","FE","unknown","tier_d",""
"kia-forte-2022-gt-line",2022,"Kia","Forte","GT-Line","unknown","tier_d",""
"kia-forte-2022-lxs",2022,"Kia","Forte","LXS","unknown","tier_d",""
"kia-forte-2023-fe",2023,"Kia","Forte","FE","unknown","tier_d",""
"kia-forte-2023-gt-line",2023,"Kia","Forte","GT-Line","unknown","tier_d",""
"kia-forte-2023-lxs",2023,"Kia","Forte","LXS","unknown","tier_d",""
"kia-forte-2024-fe",2024,"Kia","Forte","FE","unknown","tier_d",""
"kia-forte-2024-gt-line",2024,"Kia","Forte","GT-Line","unknown","tier_d",""
"kia-forte-2024-lxs",2024,"Kia","Forte","LXS","unknown","tier_d",""
"kia-forte-2025-fe",2025,"Kia","Forte","FE","unknown","tier_d",""
"kia-forte-2025-gt-line",2025,"Kia","Forte","GT-Line","unknown","tier_d",""
"kia-forte-2025-lxs",2025,"Kia","Forte","LXS","unknown","tier_d",""
"kia-k5-2021-ex",2021,"Kia","K5","EX","unknown","tier_d",""
"kia-k5-2021-gt-line",2021,"Kia","K5","GT-Line","unknown","tier_d",""
"kia-k5-2021-lxs",2021,"Kia","K5","LXS","unknown","tier_d",""
"kia-k5-2022-ex",2022,"Kia","K5","EX","unknown","tier_d",""
"kia-k5-2022-gt-line",2022,"Kia","K5","GT-Line","unknown","tier_d",""
"kia-k5-2022-lxs",2022,"Kia","K5","LXS","unknown","tier_d",""
"kia-k5-2023-ex",2023,"Kia","K5","EX","unknown","tier_d",""
"kia-k5-2023-gt-line",2023,"Kia","K5","GT-Line","unknown","tier_d",""
"kia-k5-2023-lxs",2023,"Kia","K5","LXS","unknown","tier_d",""
"kia-k5-2024-ex",2024,"Kia","K5","EX","unknown","tier_d",""
"kia-k5-2024-gt-line",2024,"Kia","K5","GT-Line","unknown","tier_d",""
"kia-k5-2025-ex",2025,"Kia","K5","EX","unknown","tier_d",""
"kia-k5-2025-gt-line",2025,"Kia","K5","GT-Line","unknown","tier_d",""
"kia-k5-2025-lxs",2025,"Kia","K5","LXS","unknown","tier_d",""
"kia-sorento-2020-ex",2020,"Kia","Sorento","EX","unknown","tier_d",""
"kia-sorento-2020-lx",2020,"Kia","Sorento","LX","unknown","tier_d",""
"kia-sorento-2020-sx",2020,"Kia","Sorento","SX","unknown","tier_d",""
"kia-sorento-2021-ex",2021,"Kia","Sorento","EX","unknown","tier_d",""
"kia-sorento-2021-lx",2021,"Kia","Sorento","LX","unknown","tier_d",""
"kia-sorento-2021-sx",2021,"Kia","Sorento","SX","unknown","tier_d",""
"kia-sorento-2022-ex",2022,"Kia","Sorento","EX","unknown","tier_d",""
"kia-sorento-2022-lx",2022,"Kia","Sorento","LX","unknown","tier_d",""
"kia-sorento-2022-sx",2022,"Kia","Sorento","SX","unknown","tier_d",""
"kia-sorento-2023-ex",2023,"Kia","Sorento","EX","unknown","tier_d",""
"kia-sorento-2023-lx",2023,"Kia","Sorento","LX","unknown","tier_d",""
"kia-sorento-2023-sx",2023,"Kia","Sorento","SX","unknown","tier_d",""
"kia-sorento-2024-ex",2024,"Kia","Sorento","EX","unknown","tier_d",""
"kia-sorento-2024-lx",2024,"Kia","Sorento","LX","unknown","tier_d",""
"kia-sorento-2024-sx",2024,"Kia","Sorento","SX","unknown","tier_d",""
"kia-sorento-2025-ex",2025,"Kia","Sorento","EX","unknown","tier_d",""
"kia-sorento-2025-lx",2025,"Kia","Sorento","LX","unknown","tier_d",""
"kia-sorento-2025-sx",2025,"Kia","Sorento","SX","unknown","tier_d",""
"kia-sportage-2020-ex",2020,"Kia","Sportage","EX","unknown","tier_d",""
"kia-sportage-2020-lx",2020,"Kia","Sportage","LX","unknown","tier_d",""
"kia-sportage-2020-sx",2020,"Kia","Sportage","SX","unknown","tier_d",""
"kia-sportage-2021-ex",2021,"Kia","Sportage","EX","unknown","tier_d",""
"kia-sportage-2021-lx",2021,"Kia","Sportage","LX","unknown","tier_d",""
"kia-sportage-2021-sx",2021,"Kia","Sportage","SX","unknown","tier_d",""
"kia-sportage-2022-ex",2022,"Kia","Sportage","EX","unknown","tier_d",""
"kia-sportage-2022-lx",2022,"Kia","Sportage","LX","unknown","tier_d",""
"kia-sportage-2022-sx",2022,"Kia","Sportage","SX","unknown","tier_d",""
"kia-sportage-2023-ex",2023,"Kia","Sportage","EX","unknown","tier_d",""
"kia-sportage-2023-lx",2023,"Kia","Sportage","LX","unknown","tier_d",""
"kia-sportage-2023-sx",2023,"Kia","Sportage","SX","unknown","tier_d",""
"kia-sportage-2024-ex",2024,"Kia","Sportage","EX","unknown","tier_d",""
"kia-sportage-2024-sx",2024,"Kia","Sportage","SX","unknown","tier_d",""
"kia-sportage-2025-ex",2025,"Kia","Sportage","EX","unknown","tier_d",""
"kia-sportage-2025-lx",2025,"Kia","Sportage","LX","unknown","tier_d",""
"kia-sportage-2025-sx",2025,"Kia","Sportage","SX","unknown","tier_d",""
"kia-telluride-2020-ex",2020,"Kia","Telluride","EX","unknown","tier_d",""
"kia-telluride-2020-lx",2020,"Kia","Telluride","LX","unknown","tier_d",""
"kia-telluride-2020-sx",2020,"Kia","Telluride","SX","unknown","tier_d",""
"kia-telluride-2021-ex",2021,"Kia","Telluride","EX","unknown","tier_d",""
"kia-telluride-2021-lx",2021,"Kia","Telluride","LX","unknown","tier_d",""
"kia-telluride-2021-sx",2021,"Kia","Telluride","SX","unknown","tier_d",""
"kia-telluride-2022-ex",2022,"Kia","Telluride","EX","unknown","tier_d",""
"kia-telluride-2022-lx",2022,"Kia","Telluride","LX","unknown","tier_d",""
"kia-telluride-2022-sx",2022,"Kia","Telluride","SX","unknown","tier_d",""
"kia-telluride-2023-ex",2023,"Kia","Telluride","EX","unknown","tier_d",""
"kia-telluride-2023-lx",2023,"Kia","Telluride","LX","unknown","tier_d",""
"kia-telluride-2023-sx",2023,"Kia","Telluride","SX","unknown","tier_d",""
"kia-telluride-2024-ex",2024,"Kia","Telluride","EX","unknown","tier_d",""
"kia-telluride-2024-sx",2024,"Kia","Telluride","SX","unknown","tier_d",""
"kia-telluride-2025-ex",2025,"Kia","Telluride","EX","unknown","tier_d",""
"kia-telluride-2025-lx",2025,"Kia","Telluride","LX","unknown","tier_d",""
"kia-telluride-2025-sx",2025,"Kia","Telluride","SX","unknown","tier_d",""
"lexus-es-2019-250",2019,"Lexus","ES","250","unknown","tier_d",""
"lexus-es-2020-250",2020,"Lexus","ES","250","unknown","tier_d",""
"lexus-is-2019-500-f-sport",2019,"Lexus","IS","500 F Sport","unknown","tier_d",""
"lexus-is-2020-500-f-sport",2020,"Lexus","IS","500 F Sport","unknown","tier_d",""
"lexus-is-2021-500-f-sport",2021,"Lexus","IS","500 F Sport","unknown","tier_d",""
"lexus-nx-2022-250",2022,"Lexus","NX","250","unknown","tier_d",""
"lexus-nx-2022-350",2022,"Lexus","NX","350","unknown","tier_d",""
"lexus-nx-2022-350h",2022,"Lexus","NX","350h","unknown","tier_d",""
"lexus-nx-2022-450h-phev",2022,"Lexus","NX","450h+","unknown","tier_d",""
"lexus-nx-2023-250",2023,"Lexus","NX","250","unknown","tier_d",""
"lexus-nx-2023-350",2023,"Lexus","NX","350","unknown","tier_d",""
"lexus-nx-2024-350h",2024,"Lexus","NX","350h","unknown","tier_d",""
"lexus-nx-2024-450h-phev",2024,"Lexus","NX","450h+","unknown","tier_d",""
"lexus-nx-2025-350h",2025,"Lexus","NX","350h","unknown","tier_d",""
"lexus-nx-2025-450h-phev",2025,"Lexus","NX","450h+","unknown","tier_d",""
"lexus-rx-2018-450h-hybrid",2018,"Lexus","RX","450h","unknown","tier_d",""
"lexus-rx-2018-500h",2018,"Lexus","RX","500h","unknown","tier_d",""
"lexus-rx-2019-450h-hybrid",2019,"Lexus","RX","450h","unknown","tier_d",""
"lexus-rx-2019-500h",2019,"Lexus","RX","500h","unknown","tier_d",""
"lexus-rx-2020-500h",2020,"Lexus","RX","500h","unknown","tier_d",""
"lexus-rx-2021-500h",2021,"Lexus","RX","500h","unknown","tier_d",""
"lexus-rx-2022-500h",2022,"Lexus","RX","500h","unknown","tier_d",""
"lexus-rx-2023-350l",2023,"Lexus","RX","350L","unknown","tier_d",""
"lexus-rx-2023-450h-hybrid",2023,"Lexus","RX","450h","unknown","tier_d",""
"lexus-rx-2024-350l",2024,"Lexus","RX","350L","unknown","tier_d",""
"lexus-rx-2024-450h-hybrid",2024,"Lexus","RX","450h","unknown","tier_d",""
"lexus-rx-2025-350l",2025,"Lexus","RX","350L","unknown","tier_d",""
"lexus-rx-2025-450h-hybrid",2025,"Lexus","RX","450h","unknown","tier_d",""
"lexus-ux-2019-250h",2019,"Lexus","UX","250h","unknown","tier_d",""
"lexus-ux-2020-250h",2020,"Lexus","UX","250h","unknown","tier_d",""
"lexus-ux-2021-250h",2021,"Lexus","UX","250h","unknown","tier_d",""
"lexus-ux-2023-200",2023,"Lexus","UX","200","unknown","tier_d",""
"lexus-ux-2024-200",2024,"Lexus","UX","200","unknown","tier_d",""
"lexus-ux-2025-200",2025,"Lexus","UX","200","unknown","tier_d",""
"lexus-ux-2025-250h",2025,"Lexus","UX","250h","unknown","tier_d",""
"mazda-3-2020-preferred",2020,"Mazda","3","Preferred","unknown","tier_d",""
"mazda-3-2020-premium",2020,"Mazda","3","Premium","unknown","tier_d",""
"mazda-3-2020-select",2020,"Mazda","3","Select","unknown","tier_d",""
"mazda-3-2021-preferred",2021,"Mazda","3","Preferred","unknown","tier_d",""
"mazda-3-2021-premium",2021,"Mazda","3","Premium","unknown","tier_d",""
"mazda-3-2021-select",2021,"Mazda","3","Select","unknown","tier_d",""
"mazda-3-2022-preferred",2022,"Mazda","3","Preferred","unknown","tier_d",""
"mazda-3-2022-premium",2022,"Mazda","3","Premium","unknown","tier_d",""
"mazda-3-2022-select",2022,"Mazda","3","Select","unknown","tier_d",""
"mazda-3-2023-preferred",2023,"Mazda","3","Preferred","unknown","tier_d",""
"mazda-3-2023-premium",2023,"Mazda","3","Premium","unknown","tier_d",""
"mazda-3-2023-select",2023,"Mazda","3","Select","unknown","tier_d",""
"mazda-3-2024-preferred",2024,"Mazda","3","Preferred","unknown","tier_d",""
"mazda-3-2024-premium",2024,"Mazda","3","Premium","unknown","tier_d",""
"mazda-3-2024-select",2024,"Mazda","3","Select","unknown","tier_d",""
"mazda-3-2025-preferred",2025,"Mazda","3","Preferred","unknown","tier_d",""
"mazda-3-2025-premium",2025,"Mazda","3","Premium","unknown","tier_d",""
"mazda-3-2025-select",2025,"Mazda","3","Select","unknown","tier_d",""
"mazda-cx-30-2025-preferred",2025,"Mazda","CX-30","Preferred","unknown","tier_d",""
"mazda-cx-30-2025-premium",2025,"Mazda","CX-30","Premium","unknown","tier_d",""
"mazda-cx-30-2025-select",2025,"Mazda","CX-30","Select","unknown","tier_d",""
"mazda-cx-5-2020-preferred",2020,"Mazda","CX-5","Preferred","unknown","tier_d",""
"mazda-cx-5-2020-premium",2020,"Mazda","CX-5","Premium","unknown","tier_d",""
"mazda-cx-5-2020-sport",2020,"Mazda","CX-5","Sport","unknown","tier_d",""
"mazda-cx-5-2021-preferred",2021,"Mazda","CX-5","Preferred","unknown","tier_d",""
"mazda-cx-5-2021-premium",2021,"Mazda","CX-5","Premium","unknown","tier_d",""
"mazda-cx-5-2021-sport",2021,"Mazda","CX-5","Sport","unknown","tier_d",""
"mazda-cx-5-2024-preferred",2024,"Mazda","CX-5","Preferred","unknown","tier_d",""
"mazda-cx-5-2024-premium",2024,"Mazda","CX-5","Premium","unknown","tier_d",""
"mazda-cx-5-2024-sport",2024,"Mazda","CX-5","Sport","unknown","tier_d",""
"mazda-cx-50-2024-preferred",2024,"Mazda","CX-50","Preferred","unknown","tier_d",""
"mazda-cx-50-2024-premium",2024,"Mazda","CX-50","Premium","unknown","tier_d",""
"mazda-cx-50-2024-select",2024,"Mazda","CX-50","Select","unknown","tier_d",""
"mercedes-benz-a-class-2019-a220",2019,"Mercedes-Benz","A-Class","A220","unknown","tier_d",""
"mercedes-benz-a-class-2019-a220-4matic",2019,"Mercedes-Benz","A-Class","A220 4MATIC","unknown","tier_d",""
"mercedes-benz-a-class-2020-a220",2020,"Mercedes-Benz","A-Class","A220","unknown","tier_d",""
"mercedes-benz-a-class-2020-a220-4matic",2020,"Mercedes-Benz","A-Class","A220 4MATIC","unknown","tier_d",""
"mercedes-benz-a-class-2021-a220",2021,"Mercedes-Benz","A-Class","A220","unknown","tier_d",""
"mercedes-benz-a-class-2021-a220-4matic",2021,"Mercedes-Benz","A-Class","A220 4MATIC","unknown","tier_d",""
"mercedes-benz-a-class-2022-a220",2022,"Mercedes-Benz","A-Class","A220","unknown","tier_d",""
"mercedes-benz-a-class-2022-a220-4matic",2022,"Mercedes-Benz","A-Class","A220 4MATIC","unknown","tier_d",""
"mercedes-benz-c-class-2019-c300",2019,"Mercedes-Benz","C-Class","C300","unknown","tier_d",""
"mercedes-benz-c-class-2019-c300-4matic",2019,"Mercedes-Benz","C-Class","C300 4MATIC","unknown","tier_d",""
"mercedes-benz-c-class-2019-c350e",2019,"Mercedes-Benz","C-Class","C350e","unknown","tier_d",""
"mercedes-benz-c-class-2020-c300",2020,"Mercedes-Benz","C-Class","C300","unknown","tier_d",""
"mercedes-benz-c-class-2020-c300-4matic",2020,"Mercedes-Benz","C-Class","C300 4MATIC","unknown","tier_d",""
"mercedes-benz-c-class-2020-c350e",2020,"Mercedes-Benz","C-Class","C350e","unknown","tier_d",""
"mercedes-benz-c-class-2021-c300",2021,"Mercedes-Benz","C-Class","C300","unknown","tier_d",""
"mercedes-benz-c-class-2021-c300-4matic",2021,"Mercedes-Benz","C-Class","C300 4MATIC","unknown","tier_d",""
"mercedes-benz-c-class-2021-c350e",2021,"Mercedes-Benz","C-Class","C350e","unknown","tier_d",""
"mercedes-benz-c-class-2022-c300",2022,"Mercedes-Benz","C-Class","C300","unknown","tier_d",""
"mercedes-benz-c-class-2022-c300-4matic",2022,"Mercedes-Benz","C-Class","C300 4MATIC","unknown","tier_d",""
"mercedes-benz-c-class-2022-c350e",2022,"Mercedes-Benz","C-Class","C350e","unknown","tier_d",""
"mercedes-benz-c-class-2023-c300",2023,"Mercedes-Benz","C-Class","C300","unknown","tier_d",""
"mercedes-benz-c-class-2023-c300-4matic",2023,"Mercedes-Benz","C-Class","C300 4MATIC","unknown","tier_d",""
"mercedes-benz-c-class-2023-c350e",2023,"Mercedes-Benz","C-Class","C350e","unknown","tier_d",""
"mercedes-benz-c-class-2024-c300",2024,"Mercedes-Benz","C-Class","C300","unknown","tier_d",""
"mercedes-benz-c-class-2024-c300-4matic",2024,"Mercedes-Benz","C-Class","C300 4MATIC","unknown","tier_d",""
"mercedes-benz-c-class-2024-c350e",2024,"Mercedes-Benz","C-Class","C350e","unknown","tier_d",""
"mercedes-benz-c-class-2025-c300",2025,"Mercedes-Benz","C-Class","C300","unknown","tier_d",""
"mercedes-benz-c-class-2025-c300-4matic",2025,"Mercedes-Benz","C-Class","C300 4MATIC","unknown","tier_d",""
"mercedes-benz-c-class-2025-c350e",2025,"Mercedes-Benz","C-Class","C350e","unknown","tier_d",""
"mercedes-benz-cla-2020-cla250",2020,"Mercedes-Benz","CLA","CLA250","unknown","tier_d",""
"mercedes-benz-cla-2020-cla250-4matic",2020,"Mercedes-Benz","CLA","CLA250 4MATIC","unknown","tier_d",""
"mercedes-benz-cla-2020-cla35-amg",2020,"Mercedes-Benz","CLA","CLA35 AMG","unknown","tier_d",""
"mercedes-benz-cla-2021-cla250",2021,"Mercedes-Benz","CLA","CLA250","unknown","tier_d",""
"mercedes-benz-cla-2021-cla250-4matic",2021,"Mercedes-Benz","CLA","CLA250 4MATIC","unknown","tier_d",""
"mercedes-benz-cla-2021-cla35-amg",2021,"Mercedes-Benz","CLA","CLA35 AMG","unknown","tier_d",""
"mercedes-benz-cla-2022-cla250",2022,"Mercedes-Benz","CLA","CLA250","unknown","tier_d",""
"mercedes-benz-cla-2022-cla250-4matic",2022,"Mercedes-Benz","CLA","CLA250 4MATIC","unknown","tier_d",""
"mercedes-benz-cla-2022-cla35-amg",2022,"Mercedes-Benz","CLA","CLA35 AMG","unknown","tier_d",""
"mercedes-benz-cla-2023-cla250",2023,"Mercedes-Benz","CLA","CLA250","unknown","tier_d",""
"mercedes-benz-cla-2023-cla250-4matic",2023,"Mercedes-Benz","CLA","CLA250 4MATIC","unknown","tier_d",""
"mercedes-benz-cla-2023-cla35-amg",2023,"Mercedes-Benz","CLA","CLA35 AMG","unknown","tier_d",""
"mercedes-benz-cla-2024-cla250",2024,"Mercedes-Benz","CLA","CLA250","unknown","tier_d",""
"mercedes-benz-cla-2024-cla250-4matic",2024,"Mercedes-Benz","CLA","CLA250 4MATIC","unknown","tier_d",""
"mercedes-benz-cla-2024-cla35-amg",2024,"Mercedes-Benz","CLA","CLA35 AMG","unknown","tier_d",""
"mercedes-benz-cla-2025-cla250",2025,"Mercedes-Benz","CLA","CLA250","unknown","tier_d",""
"mercedes-benz-cla-2025-cla250-4matic",2025,"Mercedes-Benz","CLA","CLA250 4MATIC","unknown","tier_d",""
"mercedes-benz-cla-2025-cla35-amg",2025,"Mercedes-Benz","CLA","CLA35 AMG","unknown","tier_d",""
"mercedes-benz-e-class-2018-e350",2018,"Mercedes-Benz","E-Class","E350","unknown","tier_d",""
"mercedes-benz-e-class-2018-e350-4matic",2018,"Mercedes-Benz","E-Class","E350 4MATIC","unknown","tier_d",""
"mercedes-benz-e-class-2018-e450",2018,"Mercedes-Benz","E-Class","E450","unknown","tier_d",""
"mercedes-benz-e-class-2019-e350",2019,"Mercedes-Benz","E-Class","E350","unknown","tier_d",""
"mercedes-benz-e-class-2019-e350-4matic",2019,"Mercedes-Benz","E-Class","E350 4MATIC","unknown","tier_d",""
"mercedes-benz-e-class-2019-e450",2019,"Mercedes-Benz","E-Class","E450","unknown","tier_d",""
"mercedes-benz-e-class-2020-e350",2020,"Mercedes-Benz","E-Class","E350","unknown","tier_d",""
"mercedes-benz-e-class-2020-e350-4matic",2020,"Mercedes-Benz","E-Class","E350 4MATIC","unknown","tier_d",""
"mercedes-benz-e-class-2020-e450",2020,"Mercedes-Benz","E-Class","E450","unknown","tier_d",""
"mercedes-benz-e-class-2021-e350",2021,"Mercedes-Benz","E-Class","E350","unknown","tier_d",""
"mercedes-benz-e-class-2021-e350-4matic",2021,"Mercedes-Benz","E-Class","E350 4MATIC","unknown","tier_d",""
"mercedes-benz-e-class-2021-e450",2021,"Mercedes-Benz","E-Class","E450","unknown","tier_d",""
"mercedes-benz-e-class-2022-e350",2022,"Mercedes-Benz","E-Class","E350","unknown","tier_d",""
"mercedes-benz-e-class-2022-e350-4matic",2022,"Mercedes-Benz","E-Class","E350 4MATIC","unknown","tier_d",""
"mercedes-benz-e-class-2022-e450",2022,"Mercedes-Benz","E-Class","E450","unknown","tier_d",""
"mercedes-benz-e-class-2023-e350",2023,"Mercedes-Benz","E-Class","E350","unknown","tier_d",""
"mercedes-benz-e-class-2023-e350-4matic",2023,"Mercedes-Benz","E-Class","E350 4MATIC","unknown","tier_d",""
"mercedes-benz-e-class-2023-e450",2023,"Mercedes-Benz","E-Class","E450","unknown","tier_d",""
"mercedes-benz-e-class-2024-e350",2024,"Mercedes-Benz","E-Class","E350","unknown","tier_d",""
"mercedes-benz-e-class-2024-e350-4matic",2024,"Mercedes-Benz","E-Class","E350 4MATIC","unknown","tier_d",""
"mercedes-benz-e-class-2024-e450",2024,"Mercedes-Benz","E-Class","E450","unknown","tier_d",""
"mercedes-benz-eqb-2022-eqb250",2022,"Mercedes-Benz","EQB","EQB250+","unknown","tier_d",""
"mercedes-benz-eqb-2022-eqb300-4matic",2022,"Mercedes-Benz","EQB","EQB300 4MATIC","unknown","tier_d",""
"mercedes-benz-eqb-2023-eqb250",2023,"Mercedes-Benz","EQB","EQB250+","unknown","tier_d",""
"mercedes-benz-eqb-2023-eqb300-4matic",2023,"Mercedes-Benz","EQB","EQB300 4MATIC","unknown","tier_d",""
"mercedes-benz-eqb-2024-eqb250",2024,"Mercedes-Benz","EQB","EQB250+","unknown","tier_d",""
"mercedes-benz-eqb-2024-eqb300-4matic",2024,"Mercedes-Benz","EQB","EQB300 4MATIC","unknown","tier_d",""
"mercedes-benz-eqb-2025-eqb250",2025,"Mercedes-Benz","EQB","EQB250+","unknown","tier_d",""
"mercedes-benz-eqb-2025-eqb300-4matic",2025,"Mercedes-Benz","EQB","EQB300 4MATIC","unknown","tier_d",""
"mercedes-benz-eqe-2023-eqe350",2023,"Mercedes-Benz","EQE","EQE350+","unknown","tier_d",""
"mercedes-benz-eqe-2023-eqe350-4matic",2023,"Mercedes-Benz","EQE","EQE350 4MATIC","unknown","tier_d",""
"mercedes-benz-eqe-2024-eqe350",2024,"Mercedes-Benz","EQE","EQE350+","unknown","tier_d",""
"mercedes-benz-eqe-2024-eqe350-4matic",2024,"Mercedes-Benz","EQE","EQE350 4MATIC","unknown","tier_d",""
"mercedes-benz-eqe-2025-eqe350",2025,"Mercedes-Benz","EQE","EQE350+","unknown","tier_d",""
"mercedes-benz-eqe-2025-eqe350-4matic",2025,"Mercedes-Benz","EQE","EQE350 4MATIC","unknown","tier_d",""
"mercedes-benz-gla-2021-gla250",2021,"Mercedes-Benz","GLA","GLA250","unknown","tier_d",""
"mercedes-benz-gla-2021-gla250-4matic",2021,"Mercedes-Benz","GLA","GLA250 4MATIC","unknown","tier_d",""
"mercedes-benz-gla-2021-gla35-amg",2021,"Mercedes-Benz","GLA","GLA35 AMG","unknown","tier_d",""
"mercedes-benz-gla-2022-gla250",2022,"Mercedes-Benz","GLA","GLA250","unknown","tier_d",""
"mercedes-benz-gla-2022-gla250-4matic",2022,"Mercedes-Benz","GLA","GLA250 4MATIC","unknown","tier_d",""
"mercedes-benz-gla-2022-gla35-amg",2022,"Mercedes-Benz","GLA","GLA35 AMG","unknown","tier_d",""
"mercedes-benz-gla-2023-gla250",2023,"Mercedes-Benz","GLA","GLA250","unknown","tier_d",""
"mercedes-benz-gla-2023-gla250-4matic",2023,"Mercedes-Benz","GLA","GLA250 4MATIC","unknown","tier_d",""
"mercedes-benz-gla-2023-gla35-amg",2023,"Mercedes-Benz","GLA","GLA35 AMG","unknown","tier_d",""
"mercedes-benz-gla-2024-gla250",2024,"Mercedes-Benz","GLA","GLA250","unknown","tier_d",""
"mercedes-benz-gla-2024-gla250-4matic",2024,"Mercedes-Benz","GLA","GLA250 4MATIC","unknown","tier_d",""
"mercedes-benz-gla-2024-gla35-amg",2024,"Mercedes-Benz","GLA","GLA35 AMG","unknown","tier_d",""
"mercedes-benz-gla-2025-gla250",2025,"Mercedes-Benz","GLA","GLA250","unknown","tier_d",""
"mercedes-benz-gla-2025-gla250-4matic",2025,"Mercedes-Benz","GLA","GLA250 4MATIC","unknown","tier_d",""
"mercedes-benz-gla-2025-gla35-amg",2025,"Mercedes-Benz","GLA","GLA35 AMG","unknown","tier_d",""
"mercedes-benz-glb-2020-glb250",2020,"Mercedes-Benz","GLB","GLB250","unknown","tier_d",""
"mercedes-benz-glb-2020-glb250-4matic",2020,"Mercedes-Benz","GLB","GLB250 4MATIC","unknown","tier_d",""
"mercedes-benz-glb-2021-glb250",2021,"Mercedes-Benz","GLB","GLB250","unknown","tier_d",""
"mercedes-benz-glb-2021-glb250-4matic",2021,"Mercedes-Benz","GLB","GLB250 4MATIC","unknown","tier_d",""
"mercedes-benz-glb-2022-glb250",2022,"Mercedes-Benz","GLB","GLB250","unknown","tier_d",""
"mercedes-benz-glb-2022-glb250-4matic",2022,"Mercedes-Benz","GLB","GLB250 4MATIC","unknown","tier_d",""
"mercedes-benz-glb-2023-glb250",2023,"Mercedes-Benz","GLB","GLB250","unknown","tier_d",""
"mercedes-benz-glb-2023-glb250-4matic",2023,"Mercedes-Benz","GLB","GLB250 4MATIC","unknown","tier_d",""
"mercedes-benz-glb-2024-glb250",2024,"Mercedes-Benz","GLB","GLB250","unknown","tier_d",""
"mercedes-benz-glb-2024-glb250-4matic",2024,"Mercedes-Benz","GLB","GLB250 4MATIC","unknown","tier_d",""
"mercedes-benz-glb-2025-glb250",2025,"Mercedes-Benz","GLB","GLB250","unknown","tier_d",""
"mercedes-benz-glb-2025-glb250-4matic",2025,"Mercedes-Benz","GLB","GLB250 4MATIC","unknown","tier_d",""
"mercedes-benz-glc-2019-glc300",2019,"Mercedes-Benz","GLC","GLC300","unknown","tier_d",""
"mercedes-benz-glc-2019-glc300-4matic",2019,"Mercedes-Benz","GLC","GLC300 4MATIC","unknown","tier_d",""
"mercedes-benz-glc-2019-glc43-amg",2019,"Mercedes-Benz","GLC","GLC43 AMG","unknown","tier_d",""
"mercedes-benz-glc-2020-glc300",2020,"Mercedes-Benz","GLC","GLC300","unknown","tier_d",""
"mercedes-benz-glc-2020-glc300-4matic",2020,"Mercedes-Benz","GLC","GLC300 4MATIC","unknown","tier_d",""
"mercedes-benz-glc-2020-glc43-amg",2020,"Mercedes-Benz","GLC","GLC43 AMG","unknown","tier_d",""
"mercedes-benz-glc-2021-glc300",2021,"Mercedes-Benz","GLC","GLC300","unknown","tier_d",""
"mercedes-benz-glc-2021-glc300-4matic",2021,"Mercedes-Benz","GLC","GLC300 4MATIC","unknown","tier_d",""
"mercedes-benz-glc-2021-glc43-amg",2021,"Mercedes-Benz","GLC","GLC43 AMG","unknown","tier_d",""
"mercedes-benz-glc-2022-glc300",2022,"Mercedes-Benz","GLC","GLC300","unknown","tier_d",""
"mercedes-benz-glc-2022-glc300-4matic",2022,"Mercedes-Benz","GLC","GLC300 4MATIC","unknown","tier_d",""
"mercedes-benz-glc-2022-glc43-amg",2022,"Mercedes-Benz","GLC","GLC43 AMG","unknown","tier_d",""
"mercedes-benz-glc-2023-glc300",2023,"Mercedes-Benz","GLC","GLC300","unknown","tier_d",""
"mercedes-benz-glc-2023-glc300-4matic",2023,"Mercedes-Benz","GLC","GLC300 4MATIC","unknown","tier_d",""
"mercedes-benz-glc-2023-glc43-amg",2023,"Mercedes-Benz","GLC","GLC43 AMG","unknown","tier_d",""
"mercedes-benz-glc-2024-glc300",2024,"Mercedes-Benz","GLC","GLC300","unknown","tier_d",""
"mercedes-benz-glc-2024-glc300-4matic",2024,"Mercedes-Benz","GLC","GLC300 4MATIC","unknown","tier_d",""
"mercedes-benz-glc-2024-glc43-amg",2024,"Mercedes-Benz","GLC","GLC43 AMG","unknown","tier_d",""
"mercedes-benz-glc-2025-glc300",2025,"Mercedes-Benz","GLC","GLC300","unknown","tier_d",""
"mercedes-benz-glc-2025-glc300-4matic",2025,"Mercedes-Benz","GLC","GLC300 4MATIC","unknown","tier_d",""
"mercedes-benz-glc-2025-glc43-amg",2025,"Mercedes-Benz","GLC","GLC43 AMG","unknown","tier_d",""
"mercedes-benz-gle-2020-gle350",2020,"Mercedes-Benz","GLE","GLE350","unknown","tier_d",""
"mercedes-benz-gle-2020-gle450",2020,"Mercedes-Benz","GLE","GLE450","unknown","tier_d",""
"mercedes-benz-gle-2020-gle450e",2020,"Mercedes-Benz","GLE","GLE450e","unknown","tier_d",""
"mercedes-benz-gle-2021-gle350",2021,"Mercedes-Benz","GLE","GLE350","unknown","tier_d",""
"mercedes-benz-gle-2021-gle450",2021,"Mercedes-Benz","GLE","GLE450","unknown","tier_d",""
"mercedes-benz-gle-2021-gle450e",2021,"Mercedes-Benz","GLE","GLE450e","unknown","tier_d",""
"mercedes-benz-gle-2022-gle350",2022,"Mercedes-Benz","GLE","GLE350","unknown","tier_d",""
"mercedes-benz-gle-2022-gle450",2022,"Mercedes-Benz","GLE","GLE450","unknown","tier_d",""
"mercedes-benz-gle-2022-gle450e",2022,"Mercedes-Benz","GLE","GLE450e","unknown","tier_d",""
"mercedes-benz-gle-2023-gle350",2023,"Mercedes-Benz","GLE","GLE350","unknown","tier_d",""
"mercedes-benz-gle-2023-gle450",2023,"Mercedes-Benz","GLE","GLE450","unknown","tier_d",""
"mercedes-benz-gle-2023-gle450e",2023,"Mercedes-Benz","GLE","GLE450e","unknown","tier_d",""
"mercedes-benz-gle-2024-gle350",2024,"Mercedes-Benz","GLE","GLE350","unknown","tier_d",""
"mercedes-benz-gle-2024-gle450",2024,"Mercedes-Benz","GLE","GLE450","unknown","tier_d",""
"mercedes-benz-gle-2024-gle450e",2024,"Mercedes-Benz","GLE","GLE450e","unknown","tier_d",""
"mercedes-benz-gle-2025-gle350",2025,"Mercedes-Benz","GLE","GLE350","unknown","tier_d",""
"mercedes-benz-gle-2025-gle450",2025,"Mercedes-Benz","GLE","GLE450","unknown","tier_d",""
"mercedes-benz-gle-2025-gle450e",2025,"Mercedes-Benz","GLE","GLE450e","unknown","tier_d",""
"mitsubishi-outlander-2020-es",2020,"Mitsubishi","Outlander","ES","unknown","tier_d",""
"mitsubishi-outlander-2020-se",2020,"Mitsubishi","Outlander","SE","unknown","tier_d",""
"mitsubishi-outlander-2020-sel",2020,"Mitsubishi","Outlander","SEL","unknown","tier_d",""
"mitsubishi-outlander-2021-es",2021,"Mitsubishi","Outlander","ES","unknown","tier_d",""
"mitsubishi-outlander-2021-se",2021,"Mitsubishi","Outlander","SE","unknown","tier_d",""
"mitsubishi-outlander-2021-sel",2021,"Mitsubishi","Outlander","SEL","unknown","tier_d",""
"mitsubishi-outlander-2023-es",2023,"Mitsubishi","Outlander","ES","unknown","tier_d",""
"mitsubishi-outlander-2023-se",2023,"Mitsubishi","Outlander","SE","unknown","tier_d",""
"mitsubishi-outlander-2023-sel",2023,"Mitsubishi","Outlander","SEL","unknown","tier_d",""
"mitsubishi-outlander-2024-es",2024,"Mitsubishi","Outlander","ES","unknown","tier_d",""
"mitsubishi-outlander-2024-se",2024,"Mitsubishi","Outlander","SE","unknown","tier_d",""
"mitsubishi-outlander-2024-sel",2024,"Mitsubishi","Outlander","SEL","unknown","tier_d",""
"mitsubishi-outlander-2025-es",2025,"Mitsubishi","Outlander","ES","unknown","tier_d",""
"mitsubishi-outlander-2025-se",2025,"Mitsubishi","Outlander","SE","unknown","tier_d",""
"mitsubishi-outlander-2025-sel",2025,"Mitsubishi","Outlander","SEL","unknown","tier_d",""
"nissan-pathfinder-2021-platinum",2021,"Nissan","Pathfinder","Platinum","unknown","tier_d",""
"nissan-pathfinder-2021-s",2021,"Nissan","Pathfinder","S","unknown","tier_d",""
"nissan-pathfinder-2021-sv",2021,"Nissan","Pathfinder","SV","unknown","tier_d",""
"subaru-crosstrek-2020-base",2020,"Subaru","Crosstrek","Base","unknown","tier_d",""
"subaru-crosstrek-2020-limited",2020,"Subaru","Crosstrek","Limited","unknown","tier_d",""
"subaru-crosstrek-2020-premium",2020,"Subaru","Crosstrek","Premium","unknown","tier_d",""
"subaru-crosstrek-2021-base",2021,"Subaru","Crosstrek","Base","unknown","tier_d",""
"subaru-crosstrek-2021-limited",2021,"Subaru","Crosstrek","Limited","unknown","tier_d",""
"subaru-crosstrek-2021-premium",2021,"Subaru","Crosstrek","Premium","unknown","tier_d",""
"subaru-crosstrek-2025-base",2025,"Subaru","Crosstrek","Base","unknown","tier_d",""
"subaru-crosstrek-2025-limited",2025,"Subaru","Crosstrek","Limited","unknown","tier_d",""
"subaru-crosstrek-2025-premium",2025,"Subaru","Crosstrek","Premium","unknown","tier_d",""
"subaru-forester-2020-base",2020,"Subaru","Forester","Base","unknown","tier_d",""
"subaru-forester-2020-limited",2020,"Subaru","Forester","Limited","unknown","tier_d",""
"subaru-forester-2020-premium",2020,"Subaru","Forester","Premium","unknown","tier_d",""
"subaru-forester-2021-base",2021,"Subaru","Forester","Base","unknown","tier_d",""
"subaru-forester-2021-limited",2021,"Subaru","Forester","Limited","unknown","tier_d",""
"subaru-forester-2021-premium",2021,"Subaru","Forester","Premium","unknown","tier_d",""
"subaru-forester-2025-base",2025,"Subaru","Forester","Base","unknown","tier_d",""
"subaru-forester-2025-limited",2025,"Subaru","Forester","Limited","unknown","tier_d",""
"subaru-forester-2025-premium",2025,"Subaru","Forester","Premium","unknown","tier_d",""
"subaru-impreza-2020-base",2020,"Subaru","Impreza","Base","unknown","tier_d",""
"subaru-impreza-2020-premium",2020,"Subaru","Impreza","Premium","unknown","tier_d",""
"subaru-impreza-2020-sport",2020,"Subaru","Impreza","Sport","unknown","tier_d",""
"subaru-impreza-2021-base",2021,"Subaru","Impreza","Base","unknown","tier_d",""
"subaru-impreza-2021-premium",2021,"Subaru","Impreza","Premium","unknown","tier_d",""
"subaru-impreza-2021-sport",2021,"Subaru","Impreza","Sport","unknown","tier_d",""
"subaru-impreza-2025-base",2025,"Subaru","Impreza","Base","unknown","tier_d",""
"subaru-impreza-2025-premium",2025,"Subaru","Impreza","Premium","unknown","tier_d",""
"subaru-impreza-2025-sport",2025,"Subaru","Impreza","Sport","unknown","tier_d",""
"subaru-outback-2020-base",2020,"Subaru","Outback","Base","unknown","tier_d",""
"subaru-outback-2020-limited",2020,"Subaru","Outback","Limited","unknown","tier_d",""
"subaru-outback-2020-premium",2020,"Subaru","Outback","Premium","unknown","tier_d",""
"subaru-outback-2021-base",2021,"Subaru","Outback","Base","unknown","tier_d",""
"subaru-outback-2021-limited",2021,"Subaru","Outback","Limited","unknown","tier_d",""
"subaru-outback-2021-premium",2021,"Subaru","Outback","Premium","unknown","tier_d",""
"subaru-outback-2025-base",2025,"Subaru","Outback","Base","unknown","tier_d",""
"subaru-outback-2025-limited",2025,"Subaru","Outback","Limited","unknown","tier_d",""
"subaru-outback-2025-premium",2025,"Subaru","Outback","Premium","unknown","tier_d",""
"tesla-model-3-2020-long-range",2020,"Tesla","Model 3","Long Range","unknown","tier_d",""
"tesla-model-3-2020-performance",2020,"Tesla","Model 3","Performance","unknown","tier_d",""
"tesla-model-3-2020-standard-range",2020,"Tesla","Model 3","Standard Range","unknown","tier_d",""
"tesla-model-3-2021-long-range",2021,"Tesla","Model 3","Long Range","unknown","tier_d",""
"tesla-model-3-2021-performance",2021,"Tesla","Model 3","Performance","unknown","tier_d",""
"tesla-model-3-2021-standard-range",2021,"Tesla","Model 3","Standard Range","unknown","tier_d",""
"tesla-model-3-2022-long-range",2022,"Tesla","Model 3","Long Range","unknown","tier_d",""
"tesla-model-3-2022-performance",2022,"Tesla","Model 3","Performance","unknown","tier_d",""
"tesla-model-3-2022-standard-range",2022,"Tesla","Model 3","Standard Range","unknown","tier_d",""
"tesla-model-3-2023-long-range",2023,"Tesla","Model 3","Long Range","unknown","tier_d",""
"tesla-model-3-2023-performance",2023,"Tesla","Model 3","Performance","unknown","tier_d",""
"tesla-model-3-2023-standard-range",2023,"Tesla","Model 3","Standard Range","unknown","tier_d",""
"tesla-model-3-2024-performance",2024,"Tesla","Model 3","Performance","unknown","tier_d",""
"tesla-model-3-2024-standard-range",2024,"Tesla","Model 3","Standard Range","unknown","tier_d",""
"tesla-model-3-2025-long-range",2025,"Tesla","Model 3","Long Range","unknown","tier_d",""
"tesla-model-3-2025-performance",2025,"Tesla","Model 3","Performance","unknown","tier_d",""
"tesla-model-3-2025-standard-range",2025,"Tesla","Model 3","Standard Range","unknown","tier_d",""
"tesla-model-y-2020-long-range",2020,"Tesla","Model Y","Long Range","unknown","tier_d",""
"tesla-model-y-2020-performance",2020,"Tesla","Model Y","Performance","unknown","tier_d",""
"tesla-model-y-2021-long-range",2021,"Tesla","Model Y","Long Range","unknown","tier_d",""
"tesla-model-y-2021-performance",2021,"Tesla","Model Y","Performance","unknown","tier_d",""
"tesla-model-y-2022-long-range",2022,"Tesla","Model Y","Long Range","unknown","tier_d",""
"tesla-model-y-2022-performance",2022,"Tesla","Model Y","Performance","unknown","tier_d",""
"tesla-model-y-2023-long-range",2023,"Tesla","Model Y","Long Range","unknown","tier_d",""
"tesla-model-y-2023-performance",2023,"Tesla","Model Y","Performance","unknown","tier_d",""
"tesla-model-y-2024-performance",2024,"Tesla","Model Y","Performance","unknown","tier_d",""
"tesla-model-y-2025-long-range",2025,"Tesla","Model Y","Long Range","unknown","tier_d",""
"tesla-model-y-2025-performance",2025,"Tesla","Model Y","Performance","unknown","tier_d",""
"toyota-bz4x-2023-limited",2023,"Toyota","bZ4X","Limited","unknown","tier_d",""
"toyota-bz4x-2023-xle",2023,"Toyota","bZ4X","XLE","unknown","tier_d",""
"toyota-sienna-2024-le-hybrid",2024,"Toyota","Sienna","LE","unknown","tier_d",""
"toyota-sienna-2024-limited-hybrid",2024,"Toyota","Sienna","Limited","unknown","tier_d",""
"toyota-sienna-2024-xle-hybrid",2024,"Toyota","Sienna","XLE","unknown","tier_d",""
"toyota-sienna-2025-le-hybrid",2025,"Toyota","Sienna","LE","unknown","tier_d",""
"toyota-sienna-2025-limited-hybrid",2025,"Toyota","Sienna","Limited","unknown","tier_d",""
"toyota-sienna-2025-xle-hybrid",2025,"Toyota","Sienna","XLE","unknown","tier_d",""
"toyota-venza-2023-le-hybrid",2023,"Toyota","Venza","LE","unknown","tier_d",""
"toyota-venza-2023-limited-hybrid",2023,"Toyota","Venza","Limited","unknown","tier_d",""
"toyota-venza-2023-xle-hybrid",2023,"Toyota","Venza","XLE","unknown","tier_d",""
"toyota-venza-2024-le-hybrid",2024,"Toyota","Venza","LE","unknown","tier_d",""
"toyota-venza-2024-limited-hybrid",2024,"Toyota","Venza","Limited","unknown","tier_d",""
"toyota-venza-2024-xle-hybrid",2024,"Toyota","Venza","XLE","unknown","tier_d",""
"toyota-venza-2025-le-hybrid",2025,"Toyota","Venza","LE","unknown","tier_d",""
"toyota-venza-2025-limited-hybrid",2025,"Toyota","Venza","Limited","unknown","tier_d",""
"toyota-venza-2025-xle-hybrid",2025,"Toyota","Venza","XLE","unknown","tier_d",""
"volkswagen-id-4-2021-awd-pro",2021,"Volkswagen","ID.4","AWD Pro","unknown","tier_d",""
"volkswagen-id-4-2021-pro",2021,"Volkswagen","ID.4","Pro","unknown","tier_d",""
"volkswagen-id-4-2021-pro-s",2021,"Volkswagen","ID.4","Pro S","unknown","tier_d",""
"volkswagen-id-4-2022-awd-pro",2022,"Volkswagen","ID.4","AWD Pro","unknown","tier_d",""
"volkswagen-id-4-2022-pro",2022,"Volkswagen","ID.4","Pro","unknown","tier_d",""
"volkswagen-id-4-2022-pro-s",2022,"Volkswagen","ID.4","Pro S","unknown","tier_d",""
"volkswagen-id-4-2023-awd-pro",2023,"Volkswagen","ID.4","AWD Pro","unknown","tier_d",""
"volkswagen-id-4-2023-pro",2023,"Volkswagen","ID.4","Pro","unknown","tier_d",""
"volkswagen-id-4-2023-pro-s",2023,"Volkswagen","ID.4","Pro S","unknown","tier_d",""
"volkswagen-id-4-2024-awd-pro",2024,"Volkswagen","ID.4","AWD Pro","unknown","tier_d",""
"volkswagen-id-4-2024-pro",2024,"Volkswagen","ID.4","Pro","unknown","tier_d",""
"volkswagen-id-4-2024-pro-s",2024,"Volkswagen","ID.4","Pro S","unknown","tier_d",""
"volkswagen-id-4-2025-awd-pro",2025,"Volkswagen","ID.4","AWD Pro","unknown","tier_d",""
"volkswagen-id-4-2025-pro",2025,"Volkswagen","ID.4","Pro","unknown","tier_d",""
"volkswagen-id-4-2025-pro-s",2025,"Volkswagen","ID.4","Pro S","unknown","tier_d",""
"volkswagen-jetta-2020-s",2020,"Volkswagen","Jetta","S","unknown","tier_d",""
"volkswagen-jetta-2020-se",2020,"Volkswagen","Jetta","SE","unknown","tier_d",""
"volkswagen-jetta-2020-sel",2020,"Volkswagen","Jetta","SEL","unknown","tier_d",""
"volkswagen-jetta-2021-s",2021,"Volkswagen","Jetta","S","unknown","tier_d",""
"volkswagen-jetta-2021-se",2021,"Volkswagen","Jetta","SE","unknown","tier_d",""
"volkswagen-jetta-2021-sel",2021,"Volkswagen","Jetta","SEL","unknown","tier_d",""
"volkswagen-jetta-2022-s",2022,"Volkswagen","Jetta","S","unknown","tier_d",""
"volkswagen-jetta-2022-se",2022,"Volkswagen","Jetta","SE","unknown","tier_d",""
"volkswagen-jetta-2022-sel",2022,"Volkswagen","Jetta","SEL","unknown","tier_d",""
"volkswagen-jetta-2023-s",2023,"Volkswagen","Jetta","S","unknown","tier_d",""
"volkswagen-jetta-2023-se",2023,"Volkswagen","Jetta","SE","unknown","tier_d",""
"volkswagen-jetta-2023-sel",2023,"Volkswagen","Jetta","SEL","unknown","tier_d",""
"volkswagen-jetta-2024-s",2024,"Volkswagen","Jetta","S","unknown","tier_d",""
"volkswagen-jetta-2024-se",2024,"Volkswagen","Jetta","SE","unknown","tier_d",""
"volkswagen-jetta-2024-sel",2024,"Volkswagen","Jetta","SEL","unknown","tier_d",""
"volkswagen-jetta-2025-s",2025,"Volkswagen","Jetta","S","unknown","tier_d",""
"volkswagen-jetta-2025-se",2025,"Volkswagen","Jetta","SE","unknown","tier_d",""
"volkswagen-jetta-2025-sel",2025,"Volkswagen","Jetta","SEL","unknown","tier_d",""
"volkswagen-tiguan-2020-s",2020,"Volkswagen","Tiguan","S","unknown","tier_d",""
"volkswagen-tiguan-2020-se",2020,"Volkswagen","Tiguan","SE","unknown","tier_d",""
"volkswagen-tiguan-2020-sel-r-line",2020,"Volkswagen","Tiguan","SEL R-Line","unknown","tier_d",""
"volkswagen-tiguan-2021-s",2021,"Volkswagen","Tiguan","S","unknown","tier_d",""
"volkswagen-tiguan-2021-se",2021,"Volkswagen","Tiguan","SE","unknown","tier_d",""
"volkswagen-tiguan-2021-sel-r-line",2021,"Volkswagen","Tiguan","SEL R-Line","unknown","tier_d",""
"volkswagen-tiguan-2022-s",2022,"Volkswagen","Tiguan","S","unknown","tier_d",""
"volkswagen-tiguan-2022-se",2022,"Volkswagen","Tiguan","SE","unknown","tier_d",""
"volkswagen-tiguan-2022-sel-r-line",2022,"Volkswagen","Tiguan","SEL R-Line","unknown","tier_d",""
"volkswagen-tiguan-2023-s",2023,"Volkswagen","Tiguan","S","unknown","tier_d",""
"volkswagen-tiguan-2023-se",2023,"Volkswagen","Tiguan","SE","unknown","tier_d",""
"volkswagen-tiguan-2023-sel-r-line",2023,"Volkswagen","Tiguan","SEL R-Line","unknown","tier_d",""
"volkswagen-tiguan-2024-s",2024,"Volkswagen","Tiguan","S","unknown","tier_d",""
"volkswagen-tiguan-2024-se",2024,"Volkswagen","Tiguan","SE","unknown","tier_d",""
"volkswagen-tiguan-2024-sel-r-line",2024,"Volkswagen","Tiguan","SEL R-Line","unknown","tier_d",""
"volkswagen-tiguan-2025-s",2025,"Volkswagen","Tiguan","S","unknown","tier_d",""
"volkswagen-tiguan-2025-se",2025,"Volkswagen","Tiguan","SE","unknown","tier_d",""
"volkswagen-tiguan-2025-sel-r-line",2025,"Volkswagen","Tiguan","SEL R-Line","unknown","tier_d",""
