pack_id,year,make,model,trim,source_tier,retry_reason,has_pdf,manifest_dual_extract_agree
"bmw-3-series-2025-330i","2025","BMW","3 Series","330i","B","dual_extract_mismatch","yes","no"
"bmw-3-series-2025-330e","2025","BMW","3 Series","330e","B","dual_extract_mismatch","yes","no"
"bmw-3-series-2025-m340i","2025","BMW","3 Series","M340i","B","dual_extract_mismatch","yes","no"
"bmw-3-series-2024-330i","2024","BMW","3 Series","330i","B","dual_extract_mismatch","yes","no"
"bmw-3-series-2024-330e","2024","BMW","3 Series","330e","B","dual_extract_mismatch","yes","no"
"bmw-3-series-2024-m340i","2024","BMW","3 Series","M340i","B","dual_extract_mismatch","yes","no"
"bmw-3-series-2023-330i","2023","BMW","3 Series","330i","B","dual_extract_mismatch","yes","no"
"bmw-3-series-2023-330e","2023","BMW","3 Series","330e","B","dual_extract_mismatch","yes","no"
"bmw-3-series-2023-m340i","2023","BMW","3 Series","M340i","B","dual_extract_mismatch","yes","no"
"bmw-3-series-2022-330i","2022","BMW","3 Series","330i","B","dual_extract_mismatch","yes","no"
"bmw-3-series-2022-330e","2022","BMW","3 Series","330e","B","dual_extract_mismatch","yes","no"
"bmw-3-series-2022-m340i","2022","BMW","3 Series","M340i","B","dual_extract_mismatch","yes","no"
"bmw-3-series-2021-330i","2021","BMW","3 Series","330i","B","dual_extract_mismatch","yes","no"
"bmw-3-series-2021-330e","2021","BMW","3 Series","330e","B","dual_extract_mismatch","yes","no"
"bmw-3-series-2021-m340i","2021","BMW","3 Series","M340i","B","dual_extract_mismatch","yes","no"
"bmw-3-series-2020-330i","2020","BMW","3 Series","330i","B","dual_extract_mismatch","yes","no"
"bmw-3-series-2020-330e","2020","BMW","3 Series","330e","B","dual_extract_mismatch","yes","no"
"bmw-3-series-2020-m340i","2020","BMW","3 Series","M340i","B","dual_extract_mismatch","yes","no"
"bmw-3-series-2019-330i","2019","BMW","3 Series","330i","B","dual_extract_mismatch","yes","no"
"bmw-3-series-2019-330e","2019","BMW","3 Series","330e","B","dual_extract_mismatch","yes","no"
"bmw-3-series-2019-m340i","2019","BMW","3 Series","M340i","B","dual_extract_mismatch","yes","no"
"bmw-5-series-2025-530i","2025","BMW","5 Series","530i","B","dual_extract_mismatch","yes","no"
"bmw-5-series-2025-530e","2025","BMW","5 Series","530e","B","dual_extract_mismatch","yes","no"
"bmw-5-series-2025-540i","2025","BMW","5 Series","540i","B","dual_extract_mismatch","yes","no"
"bmw-5-series-2024-530i","2024","BMW","5 Series","530i","B","dual_extract_mismatch","yes","no"
"bmw-5-series-2024-530e","2024","BMW","5 Series","530e","B","dual_extract_mismatch","yes","no"
"bmw-5-series-2024-540i","2024","BMW","5 Series","540i","B","dual_extract_mismatch","yes","no"
"bmw-5-series-2023-530i","2023","BMW","5 Series","530i","B","dual_extract_mismatch","yes","no"
"bmw-5-series-2023-530e","2023","BMW","5 Series","530e","B","dual_extract_mismatch","yes","no"
"bmw-5-series-2023-540i","2023","BMW","5 Series","540i","B","dual_extract_mismatch","yes","no"
"bmw-5-series-2022-530i","2022","BMW","5 Series","530i","B","dual_extract_mismatch","yes","no"
"bmw-5-series-2022-530e","2022","BMW","5 Series","530e","B","dual_extract_mismatch","yes","no"
"bmw-5-series-2022-540i","2022","BMW","5 Series","540i","B","dual_extract_mismatch","yes","no"
"bmw-5-series-2021-530i","2021","BMW","5 Series","530i","B","dual_extract_mismatch","yes","no"
"bmw-5-series-2021-530e","2021","BMW","5 Series","530e","B","dual_extract_mismatch","yes","no"
"bmw-5-series-2021-540i","2021","BMW","5 Series","540i","B","dual_extract_mismatch","yes","no"
"bmw-5-series-2020-530i","2020","BMW","5 Series","530i","B","dual_extract_mismatch","yes","no"
"bmw-5-series-2020-530e","2020","BMW","5 Series","530e","B","dual_extract_mismatch","yes","no"
"bmw-5-series-2020-540i","2020","BMW","5 Series","540i","B","dual_extract_mismatch","yes","no"
"bmw-5-series-2019-530i","2019","BMW","5 Series","530i","B","dual_extract_mismatch","yes","no"
"bmw-5-series-2019-530e","2019","BMW","5 Series","530e","B","dual_extract_mismatch","yes","no"
"bmw-5-series-2019-540i","2019","BMW","5 Series","540i","B","dual_extract_mismatch","yes","no"
"bmw-5-series-2018-530i","2018","BMW","5 Series","530i","B","dual_extract_mismatch","yes","no"
"bmw-5-series-2018-530e","2018","BMW","5 Series","530e","B","dual_extract_mismatch","yes","no"
"bmw-5-series-2018-540i","2018","BMW","5 Series","540i","B","dual_extract_mismatch","yes","no"
"bmw-2-series-2025-230i","2025","BMW","2 Series","230i","B","dual_extract_mismatch","yes","no"
"bmw-2-series-2025-m235i-xdrive","2025","BMW","2 Series","M235i xDrive","B","dual_extract_mismatch","yes","no"
"bmw-2-series-2024-230i","2024","BMW","2 Series","230i","B","dual_extract_mismatch","yes","no"
"bmw-2-series-2024-m235i-xdrive","2024","BMW","2 Series","M235i xDrive","B","dual_extract_mismatch","yes","no"
"bmw-2-series-2023-230i","2023","BMW","2 Series","230i","B","dual_extract_mismatch","yes","no"
"bmw-2-series-2023-m235i-xdrive","2023","BMW","2 Series","M235i xDrive","B","dual_extract_mismatch","yes","no"
"bmw-2-series-2022-230i","2022","BMW","2 Series","230i","B","dual_extract_mismatch","yes","no"
"bmw-2-series-2022-m235i-xdrive","2022","BMW","2 Series","M235i xDrive","B","dual_extract_mismatch","yes","no"
"bmw-2-series-2021-230i","2021","BMW","2 Series","230i","B","dual_extract_mismatch","yes","no"
"bmw-2-series-2021-m235i-xdrive","2021","BMW","2 Series","M235i xDrive","B","dual_extract_mismatch","yes","no"
"bmw-2-series-2020-230i","2020","BMW","2 Series","230i","B","dual_extract_mismatch","yes","no"
"bmw-2-series-2020-m235i-xdrive","2020","BMW","2 Series","M235i xDrive","B","dual_extract_mismatch","yes","no"
"bmw-4-series-2025-430i","2025","BMW","4 Series","430i","B","dual_extract_mismatch","yes","no"
"bmw-4-series-2025-m440i","2025","BMW","4 Series","M440i","B","dual_extract_mismatch","yes","no"
"bmw-4-series-2024-430i","2024","BMW","4 Series","430i","B","dual_extract_mismatch","yes","no"
"bmw-4-series-2024-m440i","2024","BMW","4 Series","M440i","B","dual_extract_mismatch","yes","no"
"bmw-4-series-2023-430i","2023","BMW","4 Series","430i","B","dual_extract_mismatch","yes","no"
"bmw-4-series-2023-m440i","2023","BMW","4 Series","M440i","B","dual_extract_mismatch","yes","no"
"bmw-4-series-2022-430i","2022","BMW","4 Series","430i","B","dual_extract_mismatch","yes","no"
"bmw-4-series-2022-m440i","2022","BMW","4 Series","M440i","B","dual_extract_mismatch","yes","no"
"bmw-4-series-2021-430i","2021","BMW","4 Series","430i","B","dual_extract_mismatch","yes","no"
"bmw-4-series-2021-m440i","2021","BMW","4 Series","M440i","B","dual_extract_mismatch","yes","no"
"bmw-x1-2025-sdrive28i","2025","BMW","X1","sDrive28i","B","dual_extract_mismatch","yes","no"
"bmw-x1-2025-xdrive28i","2025","BMW","X1","xDrive28i","B","dual_extract_mismatch","yes","no"
"bmw-x1-2024-sdrive28i","2024","BMW","X1","sDrive28i","B","dual_extract_mismatch","yes","no"
"bmw-x1-2024-xdrive28i","2024","BMW","X1","xDrive28i","B","dual_extract_mismatch","yes","no"
"bmw-x1-2023-sdrive28i","2023","BMW","X1","sDrive28i","B","dual_extract_mismatch","yes","no"
"bmw-x1-2023-xdrive28i","2023","BMW","X1","xDrive28i","B","dual_extract_mismatch","yes","no"
"bmw-x1-2022-sdrive28i","2022","BMW","X1","sDrive28i","B","dual_extract_mismatch","yes","no"
"bmw-x1-2022-xdrive28i","2022","BMW","X1","xDrive28i","B","dual_extract_mismatch","yes","no"
"bmw-x1-2021-sdrive28i","2021","BMW","X1","sDrive28i","B","dual_extract_mismatch","yes","no"
"bmw-x1-2021-xdrive28i","2021","BMW","X1","xDrive28i","B","dual_extract_mismatch","yes","no"
"bmw-x1-2020-sdrive28i","2020","BMW","X1","sDrive28i","B","dual_extract_mismatch","yes","no"
"bmw-x1-2020-xdrive28i","2020","BMW","X1","xDrive28i","B","dual_extract_mismatch","yes","no"
"bmw-x1-2019-sdrive28i","2019","BMW","X1","sDrive28i","B","dual_extract_mismatch","yes","no"
"bmw-x1-2019-xdrive28i","2019","BMW","X1","xDrive28i","B","dual_extract_mismatch","yes","no"
"bmw-x1-2018-sdrive28i","2018","BMW","X1","sDrive28i","B","dual_extract_mismatch","yes","no"
"bmw-x1-2018-xdrive28i","2018","BMW","X1","xDrive28i","B","dual_extract_mismatch","yes","no"
"bmw-x2-2023-sdrive28i","2023","BMW","X2","sDrive28i","B","dual_extract_mismatch","yes","no"
"bmw-x2-2023-xdrive28i","2023","BMW","X2","xDrive28i","B","dual_extract_mismatch","yes","no"
"bmw-x2-2023-m35i","2023","BMW","X2","M35i","B","dual_extract_mismatch","yes","no"
"bmw-x2-2022-sdrive28i","2022","BMW","X2","sDrive28i","B","dual_extract_mismatch","yes","no"
"bmw-x2-2022-xdrive28i","2022","BMW","X2","xDrive28i","B","dual_extract_mismatch","yes","no"
"bmw-x2-2022-m35i","2022","BMW","X2","M35i","B","dual_extract_mismatch","yes","no"
"bmw-x2-2021-sdrive28i","2021","BMW","X2","sDrive28i","B","dual_extract_mismatch","yes","no"
"bmw-x2-2021-xdrive28i","2021","BMW","X2","xDrive28i","B","dual_extract_mismatch","yes","no"
"bmw-x2-2021-m35i","2021","BMW","X2","M35i","B","dual_extract_mismatch","yes","no"
"bmw-x2-2020-sdrive28i","2020","BMW","X2","sDrive28i","B","dual_extract_mismatch","yes","no"
"bmw-x2-2020-xdrive28i","2020","BMW","X2","xDrive28i","B","dual_extract_mismatch","yes","no"
"bmw-x2-2020-m35i","2020","BMW","X2","M35i","B","dual_extract_mismatch","yes","no"
"bmw-x2-2019-sdrive28i","2019","BMW","X2","sDrive28i","B","dual_extract_mismatch","yes","no"
"bmw-x2-2019-xdrive28i","2019","BMW","X2","xDrive28i","B","dual_extract_mismatch","yes","no"
"bmw-x2-2019-m35i","2019","BMW","X2","M35i","B","dual_extract_mismatch","yes","no"
"bmw-x2-2018-sdrive28i","2018","BMW","X2","sDrive28i","B","dual_extract_mismatch","yes","no"
"bmw-x2-2018-xdrive28i","2018","BMW","X2","xDrive28i","B","dual_extract_mismatch","yes","no"
"bmw-x2-2018-m35i","2018","BMW","X2","M35i","B","dual_extract_mismatch","yes","no"
"bmw-x3-2025-sdrive30i","2025","BMW","X3","sDrive30i","B","dual_extract_mismatch","yes","no"
"bmw-x3-2025-xdrive30i","2025","BMW","X3","xDrive30i","B","dual_extract_mismatch","yes","no"
"bmw-x3-2025-m40i","2025","BMW","X3","M40i","B","dual_extract_mismatch","yes","no"
"bmw-x3-2024-sdrive30i","2024","BMW","X3","sDrive30i","B","dual_extract_mismatch","yes","no"
"bmw-x3-2024-xdrive30i","2024","BMW","X3","xDrive30i","B","dual_extract_mismatch","yes","no"
"bmw-x3-2024-m40i","2024","BMW","X3","M40i","B","dual_extract_mismatch","yes","no"
"bmw-x3-2023-sdrive30i","2023","BMW","X3","sDrive30i","B","dual_extract_mismatch","yes","no"
"bmw-x3-2023-xdrive30i","2023","BMW","X3","xDrive30i","B","dual_extract_mismatch","yes","no"
"bmw-x3-2023-m40i","2023","BMW","X3","M40i","B","dual_extract_mismatch","yes","no"
"bmw-x3-2022-sdrive30i","2022","BMW","X3","sDrive30i","B","dual_extract_mismatch","yes","no"
"bmw-x3-2022-xdrive30i","2022","BMW","X3","xDrive30i","B","dual_extract_mismatch","yes","no"
"bmw-x3-2022-m40i","2022","BMW","X3","M40i","B","dual_extract_mismatch","yes","no"
"bmw-x3-2021-sdrive30i","2021","BMW","X3","sDrive30i","B","dual_extract_mismatch","yes","no"
"bmw-x3-2021-xdrive30i","2021","BMW","X3","xDrive30i","B","dual_extract_mismatch","yes","no"
"bmw-x3-2021-m40i","2021","BMW","X3","M40i","B","dual_extract_mismatch","yes","no"
"bmw-x3-2020-sdrive30i","2020","BMW","X3","sDrive30i","B","dual_extract_mismatch","yes","no"
"bmw-x3-2020-xdrive30i","2020","BMW","X3","xDrive30i","B","dual_extract_mismatch","yes","no"
"bmw-x3-2020-m40i","2020","BMW","X3","M40i","B","dual_extract_mismatch","yes","no"
"bmw-x3-2019-sdrive30i","2019","BMW","X3","sDrive30i","B","dual_extract_mismatch","yes","no"
"bmw-x3-2019-xdrive30i","2019","BMW","X3","xDrive30i","B","dual_extract_mismatch","yes","no"
"bmw-x3-2019-m40i","2019","BMW","X3","M40i","B","dual_extract_mismatch","yes","no"
"bmw-x3-2018-sdrive30i","2018","BMW","X3","sDrive30i","B","dual_extract_mismatch","yes","no"
"bmw-x3-2018-xdrive30i","2018","BMW","X3","xDrive30i","B","dual_extract_mismatch","yes","no"
"bmw-x3-2018-m40i","2018","BMW","X3","M40i","B","dual_extract_mismatch","yes","no"
"bmw-x4-2025-xdrive30i","2025","BMW","X4","xDrive30i","B","dual_extract_mismatch","yes","no"
"bmw-x4-2025-m40i","2025","BMW","X4","M40i","B","dual_extract_mismatch","yes","no"
"bmw-x4-2024-xdrive30i","2024","BMW","X4","xDrive30i","B","dual_extract_mismatch","yes","no"
"bmw-x4-2024-m40i","2024","BMW","X4","M40i","B","dual_extract_mismatch","yes","no"
"bmw-x4-2023-xdrive30i","2023","BMW","X4","xDrive30i","B","dual_extract_mismatch","yes","no"
"bmw-x4-2023-m40i","2023","BMW","X4","M40i","B","dual_extract_mismatch","yes","no"
"bmw-x4-2022-xdrive30i","2022","BMW","X4","xDrive30i","B","dual_extract_mismatch","yes","no"
"bmw-x4-2022-m40i","2022","BMW","X4","M40i","B","dual_extract_mismatch","yes","no"
"bmw-x4-2021-xdrive30i","2021","BMW","X4","xDrive30i","B","dual_extract_mismatch","yes","no"
"bmw-x4-2021-m40i","2021","BMW","X4","M40i","B","dual_extract_mismatch","yes","no"
"bmw-x4-2020-xdrive30i","2020","BMW","X4","xDrive30i","B","dual_extract_mismatch","yes","no"
"bmw-x4-2020-m40i","2020","BMW","X4","M40i","B","dual_extract_mismatch","yes","no"
"bmw-x4-2019-xdrive30i","2019","BMW","X4","xDrive30i","B","dual_extract_mismatch","yes","no"
"bmw-x4-2019-m40i","2019","BMW","X4","M40i","B","dual_extract_mismatch","yes","no"
"bmw-x5-2025-sdrive40i","2025","BMW","X5","sDrive40i","B","dual_extract_mismatch","yes","no"
"bmw-x5-2025-xdrive40i","2025","BMW","X5","xDrive40i","B","dual_extract_mismatch","yes","no"
"bmw-x5-2025-xdrive50e","2025","BMW","X5","xDrive50e","B","dual_extract_mismatch","yes","no"
"bmw-x5-2024-sdrive40i","2024","BMW","X5","sDrive40i","B","dual_extract_mismatch","yes","no"
"bmw-x5-2024-xdrive40i","2024","BMW","X5","xDrive40i","B","dual_extract_mismatch","yes","no"
"bmw-x5-2024-xdrive50e","2024","BMW","X5","xDrive50e","B","dual_extract_mismatch","yes","no"
"bmw-x5-2023-sdrive40i","2023","BMW","X5","sDrive40i","B","dual_extract_mismatch","yes","no"
"bmw-x5-2023-xdrive40i","2023","BMW","X5","xDrive40i","B","dual_extract_mismatch","yes","no"
"bmw-x5-2023-xdrive50e","2023","BMW","X5","xDrive50e","B","dual_extract_mismatch","yes","no"
"bmw-x5-2022-sdrive40i","2022","BMW","X5","sDrive40i","B","dual_extract_mismatch","yes","no"
"bmw-x5-2022-xdrive40i","2022","BMW","X5","xDrive40i","B","dual_extract_mismatch","yes","no"
"bmw-x5-2022-xdrive50e","2022","BMW","X5","xDrive50e","B","dual_extract_mismatch","yes","no"
"bmw-x5-2021-sdrive40i","2021","BMW","X5","sDrive40i","B","dual_extract_mismatch","yes","no"
"bmw-x5-2021-xdrive40i","2021","BMW","X5","xDrive40i","B","dual_extract_mismatch","yes","no"
"bmw-x5-2021-xdrive50e","2021","BMW","X5","xDrive50e","B","dual_extract_mismatch","yes","no"
"bmw-x5-2020-sdrive40i","2020","BMW","X5","sDrive40i","B","dual_extract_mismatch","yes","no"
"bmw-x5-2020-xdrive40i","2020","BMW","X5","xDrive40i","B","dual_extract_mismatch","yes","no"
"bmw-x5-2020-xdrive50e","2020","BMW","X5","xDrive50e","B","dual_extract_mismatch","yes","no"
"bmw-x5-2019-sdrive40i","2019","BMW","X5","sDrive40i","B","dual_extract_mismatch","yes","no"
"bmw-x5-2019-xdrive40i","2019","BMW","X5","xDrive40i","B","dual_extract_mismatch","yes","no"
"bmw-x5-2019-xdrive50e","2019","BMW","X5","xDrive50e","B","dual_extract_mismatch","yes","no"
"bmw-x6-2025-xdrive40i","2025","BMW","X6","xDrive40i","B","dual_extract_mismatch","yes","no"
"bmw-x6-2025-m40i","2025","BMW","X6","M40i","B","dual_extract_mismatch","yes","no"
"bmw-x6-2024-xdrive40i","2024","BMW","X6","xDrive40i","B","dual_extract_mismatch","yes","no"
"bmw-x6-2024-m40i","2024","BMW","X6","M40i","B","dual_extract_mismatch","yes","no"
"bmw-x6-2023-xdrive40i","2023","BMW","X6","xDrive40i","B","dual_extract_mismatch","yes","no"
"bmw-x6-2023-m40i","2023","BMW","X6","M40i","B","dual_extract_mismatch","yes","no"
"bmw-x6-2022-xdrive40i","2022","BMW","X6","xDrive40i","B","dual_extract_mismatch","yes","no"
"bmw-x6-2022-m40i","2022","BMW","X6","M40i","B","dual_extract_mismatch","yes","no"
"bmw-x6-2021-xdrive40i","2021","BMW","X6","xDrive40i","B","dual_extract_mismatch","yes","no"
"bmw-x6-2021-m40i","2021","BMW","X6","M40i","B","dual_extract_mismatch","yes","no"
"bmw-x6-2020-xdrive40i","2020","BMW","X6","xDrive40i","B","dual_extract_mismatch","yes","no"
"bmw-x6-2020-m40i","2020","BMW","X6","M40i","B","dual_extract_mismatch","yes","no"
"bmw-x7-2025-xdrive40i","2025","BMW","X7","xDrive40i","B","no_manifest","no",""
"bmw-x7-2024-xdrive40i","2024","BMW","X7","xDrive40i","B","dual_extract_mismatch","yes","no"
"bmw-x7-2023-xdrive40i","2023","BMW","X7","xDrive40i","B","dual_extract_mismatch","yes","no"
"bmw-x7-2022-xdrive40i","2022","BMW","X7","xDrive40i","B","dual_extract_mismatch","yes","no"
"bmw-x7-2021-xdrive40i","2021","BMW","X7","xDrive40i","B","dual_extract_mismatch","yes","no"
"bmw-x7-2020-xdrive40i","2020","BMW","X7","xDrive40i","B","dual_extract_mismatch","yes","no"
"bmw-x7-2019-xdrive40i","2019","BMW","X7","xDrive40i","B","dual_extract_mismatch","yes","no"
"bmw-z4-2025-sdrive30i","2025","BMW","Z4","sDrive30i","B","dual_extract_mismatch","yes","no"
"bmw-z4-2025-m40i","2025","BMW","Z4","M40i","B","dual_extract_mismatch","yes","no"
"bmw-z4-2024-sdrive30i","2024","BMW","Z4","sDrive30i","B","dual_extract_mismatch","yes","no"
"bmw-z4-2024-m40i","2024","BMW","Z4","M40i","B","dual_extract_mismatch","yes","no"
"bmw-z4-2023-sdrive30i","2023","BMW","Z4","sDrive30i","B","dual_extract_mismatch","yes","no"
"bmw-z4-2023-m40i","2023","BMW","Z4","M40i","B","dual_extract_mismatch","yes","no"
"bmw-z4-2022-sdrive30i","2022","BMW","Z4","sDrive30i","B","dual_extract_mismatch","yes","no"
"bmw-z4-2022-m40i","2022","BMW","Z4","M40i","B","dual_extract_mismatch","yes","no"
"bmw-z4-2021-sdrive30i","2021","BMW","Z4","sDrive30i","B","dual_extract_mismatch","yes","no"
"bmw-z4-2021-m40i","2021","BMW","Z4","M40i","B","dual_extract_mismatch","yes","no"
"bmw-z4-2020-sdrive30i","2020","BMW","Z4","sDrive30i","B","dual_extract_mismatch","yes","no"
"bmw-z4-2020-m40i","2020","BMW","Z4","M40i","B","dual_extract_mismatch","yes","no"
"bmw-z4-2019-sdrive30i","2019","BMW","Z4","sDrive30i","B","dual_extract_mismatch","yes","no"
"bmw-z4-2019-m40i","2019","BMW","Z4","M40i","B","dual_extract_mismatch","yes","no"
"audi-a3-2022-premium","2022","Audi","A3","Premium","C","dual_extract_mismatch","yes","no"
"audi-a3-2022-premium-plus","2022","Audi","A3","Premium Plus","C","dual_extract_mismatch","yes","no"
"audi-a3-2022-prestige","2022","Audi","A3","Prestige","C","dual_extract_mismatch","yes","no"
"audi-a3-2021-premium","2021","Audi","A3","Premium","C","dual_extract_mismatch","yes","no"
"audi-a3-2021-premium-plus","2021","Audi","A3","Premium Plus","C","dual_extract_mismatch","yes","no"
"audi-a3-2021-prestige","2021","Audi","A3","Prestige","C","dual_extract_mismatch","yes","no"
"audi-a3-2020-premium","2020","Audi","A3","Premium","C","dual_extract_mismatch","yes","no"
"audi-a3-2020-premium-plus","2020","Audi","A3","Premium Plus","C","dual_extract_mismatch","yes","no"
"audi-a3-2020-prestige","2020","Audi","A3","Prestige","C","dual_extract_mismatch","yes","no"
"audi-a3-2019-premium","2019","Audi","A3","Premium","C","dual_extract_mismatch","yes","no"
"audi-a3-2019-premium-plus","2019","Audi","A3","Premium Plus","C","dual_extract_mismatch","yes","no"
"audi-a3-2019-prestige","2019","Audi","A3","Prestige","C","dual_extract_mismatch","yes","no"
"audi-a4-2022-premium","2022","Audi","A4","Premium","C","dual_extract_mismatch","yes","no"
"audi-a4-2022-premium-plus","2022","Audi","A4","Premium Plus","C","dual_extract_mismatch","yes","no"
"audi-a4-2022-prestige","2022","Audi","A4","Prestige","C","dual_extract_mismatch","yes","no"
"audi-a4-2021-premium","2021","Audi","A4","Premium","C","dual_extract_mismatch","yes","no"
"audi-a4-2021-premium-plus","2021","Audi","A4","Premium Plus","C","dual_extract_mismatch","yes","no"
"audi-a4-2021-prestige","2021","Audi","A4","Prestige","C","dual_extract_mismatch","yes","no"
"audi-a4-2020-premium","2020","Audi","A4","Premium","C","dual_extract_mismatch","yes","no"
"audi-a4-2020-premium-plus","2020","Audi","A4","Premium Plus","C","dual_extract_mismatch","yes","no"
"audi-a4-2020-prestige","2020","Audi","A4","Prestige","C","dual_extract_mismatch","yes","no"
"audi-a4-2019-premium","2019","Audi","A4","Premium","C","dual_extract_mismatch","yes","no"
"audi-a4-2019-premium-plus","2019","Audi","A4","Premium Plus","C","dual_extract_mismatch","yes","no"
"audi-a4-2019-prestige","2019","Audi","A4","Prestige","C","dual_extract_mismatch","yes","no"
"audi-a4-2018-premium","2018","Audi","A4","Premium","C","dual_extract_mismatch","yes","no"
"audi-a4-2018-premium-plus","2018","Audi","A4","Premium Plus","C","dual_extract_mismatch","yes","no"
"audi-a4-2018-prestige","2018","Audi","A4","Prestige","C","dual_extract_mismatch","yes","no"
"audi-a5-2022-premium","2022","Audi","A5","Premium","C","dual_extract_mismatch","yes","no"
"audi-a5-2022-premium-plus","2022","Audi","A5","Premium Plus","C","dual_extract_mismatch","yes","no"
"audi-a5-2022-prestige","2022","Audi","A5","Prestige","C","dual_extract_mismatch","yes","no"
"audi-a5-2021-premium","2021","Audi","A5","Premium","C","dual_extract_mismatch","yes","no"
"audi-a5-2021-premium-plus","2021","Audi","A5","Premium Plus","C","dual_extract_mismatch","yes","no"
"audi-a5-2021-prestige","2021","Audi","A5","Prestige","C","dual_extract_mismatch","yes","no"
"audi-a5-2020-premium","2020","Audi","A5","Premium","C","dual_extract_mismatch","yes","no"
"audi-a5-2020-premium-plus","2020","Audi","A5","Premium Plus","C","dual_extract_mismatch","yes","no"
"audi-a5-2020-prestige","2020","Audi","A5","Prestige","C","dual_extract_mismatch","yes","no"
"audi-a5-2019-premium","2019","Audi","A5","Premium","C","dual_extract_mismatch","yes","no"
"audi-a5-2019-premium-plus","2019","Audi","A5","Premium Plus","C","dual_extract_mismatch","yes","no"
"audi-a5-2019-prestige","2019","Audi","A5","Prestige","C","dual_extract_mismatch","yes","no"
"audi-a5-2018-premium","2018","Audi","A5","Premium","C","dual_extract_mismatch","yes","no"
"audi-a5-2018-premium-plus","2018","Audi","A5","Premium Plus","C","dual_extract_mismatch","yes","no"
"audi-a5-2018-prestige","2018","Audi","A5","Prestige","C","dual_extract_mismatch","yes","no"
"audi-a6-2022-premium","2022","Audi","A6","Premium","C","dual_extract_mismatch","yes","no"
"audi-a6-2022-premium-plus","2022","Audi","A6","Premium Plus","C","dual_extract_mismatch","yes","no"
"audi-a6-2022-prestige","2022","Audi","A6","Prestige","C","dual_extract_mismatch","yes","no"
"audi-a6-2021-premium","2021","Audi","A6","Premium","C","dual_extract_mismatch","yes","no"
"audi-a6-2021-premium-plus","2021","Audi","A6","Premium Plus","C","dual_extract_mismatch","yes","no"
"audi-a6-2021-prestige","2021","Audi","A6","Prestige","C","dual_extract_mismatch","yes","no"
"audi-a6-2020-premium","2020","Audi","A6","Premium","C","dual_extract_mismatch","yes","no"
"audi-a6-2020-premium-plus","2020","Audi","A6","Premium Plus","C","no_manifest","no",""
"audi-a6-2020-prestige","2020","Audi","A6","Prestige","C","dual_extract_mismatch","yes","no"
"audi-a6-2019-premium","2019","Audi","A6","Premium","C","dual_extract_mismatch","yes","no"
"audi-a6-2019-premium-plus","2019","Audi","A6","Premium Plus","C","dual_extract_mismatch","yes","no"
"audi-a6-2019-prestige","2019","Audi","A6","Prestige","C","dual_extract_mismatch","yes","no"
"audi-q3-2022-premium","2022","Audi","Q3","Premium","C","dual_extract_mismatch","yes","no"
"audi-q3-2022-premium-plus","2022","Audi","Q3","Premium Plus","C","dual_extract_mismatch","yes","no"
"audi-q3-2022-prestige","2022","Audi","Q3","Prestige","C","dual_extract_mismatch","yes","no"
"audi-q3-2021-premium","2021","Audi","Q3","Premium","C","dual_extract_mismatch","yes","no"
"audi-q3-2021-premium-plus","2021","Audi","Q3","Premium Plus","C","dual_extract_mismatch","yes","no"
"audi-q3-2021-prestige","2021","Audi","Q3","Prestige","C","dual_extract_mismatch","yes","no"
"audi-q3-2020-premium","2020","Audi","Q3","Premium","C","dual_extract_mismatch","yes","no"
"audi-q3-2020-premium-plus","2020","Audi","Q3","Premium Plus","C","dual_extract_mismatch","yes","no"
"audi-q3-2020-prestige","2020","Audi","Q3","Prestige","C","dual_extract_mismatch","yes","no"
"audi-q3-2019-premium","2019","Audi","Q3","Premium","C","dual_extract_mismatch","yes","no"
"audi-q3-2019-premium-plus","2019","Audi","Q3","Premium Plus","C","dual_extract_mismatch","yes","no"
"audi-q3-2019-prestige","2019","Audi","Q3","Prestige","C","dual_extract_mismatch","yes","no"
"audi-q5-2022-premium","2022","Audi","Q5","Premium","C","dual_extract_mismatch","yes","no"
"audi-q5-2022-premium-plus","2022","Audi","Q5","Premium Plus","C","dual_extract_mismatch","yes","no"
"audi-q5-2022-prestige","2022","Audi","Q5","Prestige","C","dual_extract_mismatch","yes","no"
"audi-q5-2021-premium","2021","Audi","Q5","Premium","C","dual_extract_mismatch","yes","no"
"audi-q5-2021-premium-plus","2021","Audi","Q5","Premium Plus","C","dual_extract_mismatch","yes","no"
"audi-q5-2021-prestige","2021","Audi","Q5","Prestige","C","dual_extract_mismatch","yes","no"
"audi-q5-2020-premium","2020","Audi","Q5","Premium","C","dual_extract_mismatch","yes","no"
"audi-q5-2020-premium-plus","2020","Audi","Q5","Premium Plus","C","dual_extract_mismatch","yes","no"
"audi-q5-2020-prestige","2020","Audi","Q5","Prestige","C","dual_extract_mismatch","yes","no"
"audi-q5-2019-premium","2019","Audi","Q5","Premium","C","dual_extract_mismatch","yes","no"
"audi-q5-2019-premium-plus","2019","Audi","Q5","Premium Plus","C","dual_extract_mismatch","yes","no"
"audi-q5-2019-prestige","2019","Audi","Q5","Prestige","C","dual_extract_mismatch","yes","no"
"audi-q5-2018-premium","2018","Audi","Q5","Premium","C","dual_extract_mismatch","yes","no"
"audi-q5-2018-premium-plus","2018","Audi","Q5","Premium Plus","C","dual_extract_mismatch","yes","no"
"audi-q5-2018-prestige","2018","Audi","Q5","Prestige","C","dual_extract_mismatch","yes","no"
"audi-q7-2022-premium","2022","Audi","Q7","Premium","C","dual_extract_mismatch","yes","no"
"audi-q7-2022-premium-plus","2022","Audi","Q7","Premium Plus","C","dual_extract_mismatch","yes","no"
"audi-q7-2022-prestige","2022","Audi","Q7","Prestige","C","dual_extract_mismatch","yes","no"
"audi-q7-2021-premium","2021","Audi","Q7","Premium","C","dual_extract_mismatch","yes","no"
"audi-q7-2021-premium-plus","2021","Audi","Q7","Premium Plus","C","dual_extract_mismatch","yes","no"
"audi-q7-2021-prestige","2021","Audi","Q7","Prestige","C","dual_extract_mismatch","yes","no"
"audi-q7-2020-premium","2020","Audi","Q7","Premium","C","dual_extract_mismatch","yes","no"
"audi-q7-2020-premium-plus","2020","Audi","Q7","Premium Plus","C","dual_extract_mismatch","yes","no"
"audi-q7-2020-prestige","2020","Audi","Q7","Prestige","C","dual_extract_mismatch","yes","no"
"audi-q7-2019-premium","2019","Audi","Q7","Premium","C","dual_extract_mismatch","yes","no"
"audi-q7-2019-premium-plus","2019","Audi","Q7","Premium Plus","C","dual_extract_mismatch","yes","no"
"audi-q7-2019-prestige","2019","Audi","Q7","Prestige","C","no_manifest","no",""
"audi-q7-2018-premium","2018","Audi","Q7","Premium","C","dual_extract_mismatch","yes","no"
"audi-q7-2018-premium-plus","2018","Audi","Q7","Premium Plus","C","dual_extract_mismatch","yes","no"
"audi-q7-2018-prestige","2018","Audi","Q7","Prestige","C","dual_extract_mismatch","yes","no"
"audi-q8-2022-premium","2022","Audi","Q8","Premium","C","dual_extract_mismatch","yes","no"
"audi-q8-2022-premium-plus","2022","Audi","Q8","Premium Plus","C","dual_extract_mismatch","yes","no"
"audi-q8-2021-premium","2021","Audi","Q8","Premium","C","dual_extract_mismatch","yes","no"
"audi-q8-2021-premium-plus","2021","Audi","Q8","Premium Plus","C","dual_extract_mismatch","yes","no"
"audi-q8-2020-premium","2020","Audi","Q8","Premium","C","dual_extract_mismatch","yes","no"
"audi-q8-2020-premium-plus","2020","Audi","Q8","Premium Plus","C","no_manifest","no",""
"lexus-is-2025-500-f-sport","2025","Lexus","IS","500 F Sport","B","dual_extract_mismatch","yes","no"
"volvo-s60-2025-b5-core","2025","Volvo","S60","B5 Core","B","dual_extract_mismatch","yes","no"
"volvo-s60-2025-b5-plus","2025","Volvo","S60","B5 Plus","B","dual_extract_mismatch","yes","no"
"volvo-s60-2025-recharge","2025","Volvo","S60","Recharge","B","no_manifest","no",""
"volvo-s60-2025-recharge-phev","2025","Volvo","S60","Recharge","B","dual_extract_mismatch","yes","no"
"volvo-s60-2024-b5-core","2024","Volvo","S60","B5 Core","B","dual_extract_mismatch","yes","no"
"volvo-s60-2024-b5-plus","2024","Volvo","S60","B5 Plus","B","dual_extract_mismatch","yes","no"
"volvo-s60-2024-recharge","2024","Volvo","S60","Recharge","B","dual_extract_mismatch","yes","no"
"volvo-s60-2024-recharge-phev","2024","Volvo","S60","Recharge","B","dual_extract_mismatch","yes","no"
"volvo-s60-2023-b5-core","2023","Volvo","S60","B5 Core","B","no_manifest","no",""
"volvo-s60-2023-b5-plus","2023","Volvo","S60","B5 Plus","B","dual_extract_mismatch","yes","no"
"volvo-s60-2023-recharge","2023","Volvo","S60","Recharge","B","dual_extract_mismatch","yes","no"
"volvo-s60-2023-recharge-phev","2023","Volvo","S60","Recharge","B","dual_extract_mismatch","yes","no"
"volvo-s60-2022-b5-core","2022","Volvo","S60","B5 Core","B","dual_extract_mismatch","yes","no"
"volvo-s60-2022-b5-plus","2022","Volvo","S60","B5 Plus","B","dual_extract_mismatch","yes","no"
"volvo-s60-2022-recharge","2022","Volvo","S60","Recharge","B","dual_extract_mismatch","yes","no"
"volvo-s60-2022-recharge-phev","2022","Volvo","S60","Recharge","B","dual_extract_mismatch","yes","no"
"volvo-s60-2021-b5-core","2021","Volvo","S60","B5 Core","B","dual_extract_mismatch","yes","no"
"volvo-s60-2021-b5-plus","2021","Volvo","S60","B5 Plus","B","dual_extract_mismatch","yes","no"
"volvo-s60-2021-recharge","2021","Volvo","S60","Recharge","B","dual_extract_mismatch","yes","no"
"volvo-s60-2021-recharge-phev","2021","Volvo","S60","Recharge","B","dual_extract_mismatch","yes","no"
"volvo-s60-2020-b5-core","2020","Volvo","S60","B5 Core","B","dual_extract_mismatch","yes","no"
"volvo-s60-2020-b5-plus","2020","Volvo","S60","B5 Plus","B","dual_extract_mismatch","yes","no"
"volvo-s60-2020-recharge","2020","Volvo","S60","Recharge","B","no_manifest","no",""
"volvo-s60-2020-recharge-phev","2020","Volvo","S60","Recharge","B","dual_extract_mismatch","yes","no"
"volvo-s60-2019-b5-core","2019","Volvo","S60","B5 Core","B","dual_extract_mismatch","yes","no"
"volvo-s60-2019-b5-plus","2019","Volvo","S60","B5 Plus","B","dual_extract_mismatch","yes","no"
"volvo-s60-2019-recharge","2019","Volvo","S60","Recharge","B","dual_extract_mismatch","yes","no"
"volvo-s60-2019-recharge-phev","2019","Volvo","S60","Recharge","B","dual_extract_mismatch","yes","no"
"volvo-s90-2025-b6-core","2025","Volvo","S90","B6 Core","B","no_manifest","no",""
"volvo-s90-2025-b6-plus","2025","Volvo","S90","B6 Plus","B","dual_extract_mismatch","yes","no"
"volvo-s90-2025-recharge","2025","Volvo","S90","Recharge","B","dual_extract_mismatch","yes","no"
"volvo-s90-2024-b6-core","2024","Volvo","S90","B6 Core","B","no_manifest","no",""
"volvo-s90-2024-b6-plus","2024","Volvo","S90","B6 Plus","B","dual_extract_mismatch","yes","no"
"volvo-s90-2024-recharge","2024","Volvo","S90","Recharge","B","dual_extract_mismatch","yes","no"
"volvo-s90-2023-b6-core","2023","Volvo","S90","B6 Core","B","dual_extract_mismatch","yes","no"
"volvo-s90-2023-b6-plus","2023","Volvo","S90","B6 Plus","B","dual_extract_mismatch","yes","no"
"volvo-s90-2023-recharge","2023","Volvo","S90","Recharge","B","dual_extract_mismatch","yes","no"
"volvo-s90-2022-b6-core","2022","Volvo","S90","B6 Core","B","dual_extract_mismatch","yes","no"
"volvo-s90-2022-b6-plus","2022","Volvo","S90","B6 Plus","B","dual_extract_mismatch","yes","no"
"volvo-s90-2022-recharge","2022","Volvo","S90","Recharge","B","dual_extract_mismatch","yes","no"
"volvo-s90-2021-b6-core","2021","Volvo","S90","B6 Core","B","dual_extract_mismatch","yes","no"
"volvo-s90-2021-b6-plus","2021","Volvo","S90","B6 Plus","B","dual_extract_mismatch","yes","no"
"volvo-s90-2021-recharge","2021","Volvo","S90","Recharge","B","dual_extract_mismatch","yes","no"
"volvo-s90-2020-b6-core","2020","Volvo","S90","B6 Core","B","dual_extract_mismatch","yes","no"
"volvo-s90-2020-b6-plus","2020","Volvo","S90","B6 Plus","B","dual_extract_mismatch","yes","no"
"volvo-s90-2020-recharge","2020","Volvo","S90","Recharge","B","no_manifest","no",""
"volvo-s90-2019-b6-core","2019","Volvo","S90","B6 Core","B","dual_extract_mismatch","yes","no"
"volvo-s90-2019-b6-plus","2019","Volvo","S90","B6 Plus","B","dual_extract_mismatch","yes","no"
"volvo-s90-2019-recharge","2019","Volvo","S90","Recharge","B","dual_extract_mismatch","yes","no"
"volvo-s90-2018-b6-core","2018","Volvo","S90","B6 Core","B","dual_extract_mismatch","yes","no"
"volvo-s90-2018-b6-plus","2018","Volvo","S90","B6 Plus","B","dual_extract_mismatch","yes","no"
"volvo-s90-2018-recharge","2018","Volvo","S90","Recharge","B","dual_extract_mismatch","yes","no"
"volvo-xc40-2025-b5-core","2025","Volvo","XC40","B5 Core","B","no_manifest","no",""
"volvo-xc40-2025-b5-plus","2025","Volvo","XC40","B5 Plus","B","dual_extract_mismatch","yes","no"
"volvo-xc40-2025-recharge","2025","Volvo","XC40","Recharge","B","dual_extract_mismatch","yes","no"
"volvo-xc40-2025-recharge-pure-electric-electric","2025","Volvo","XC40","Recharge Pure Electric","B","no_manifest","no",""
"volvo-xc40-2024-b5-core","2024","Volvo","XC40","B5 Core","B","dual_extract_mismatch","yes","no"
"volvo-xc40-2024-b5-plus","2024","Volvo","XC40","B5 Plus","B","dual_extract_mismatch","yes","no"
"volvo-xc40-2024-recharge","2024","Volvo","XC40","Recharge","B","dual_extract_mismatch","yes","no"
"volvo-xc40-2023-b5-core","2023","Volvo","XC40","B5 Core","B","dual_extract_mismatch","yes","no"
"volvo-xc40-2023-b5-plus","2023","Volvo","XC40","B5 Plus","B","no_manifest","no",""
"volvo-xc40-2023-recharge","2023","Volvo","XC40","Recharge","B","dual_extract_mismatch","yes","no"
"volvo-xc40-2022-b5-core","2022","Volvo","XC40","B5 Core","B","dual_extract_mismatch","yes","no"
"volvo-xc40-2022-b5-plus","2022","Volvo","XC40","B5 Plus","B","dual_extract_mismatch","yes","no"
"volvo-xc40-2022-recharge","2022","Volvo","XC40","Recharge","B","no_manifest","no",""
"volvo-xc40-2021-b5-core","2021","Volvo","XC40","B5 Core","B","dual_extract_mismatch","yes","no"
"volvo-xc40-2021-b5-plus","2021","Volvo","XC40","B5 Plus","B","dual_extract_mismatch","yes","no"
"volvo-xc40-2021-recharge","2021","Volvo","XC40","Recharge","B","dual_extract_mismatch","yes","no"
"volvo-xc40-2020-b5-core","2020","Volvo","XC40","B5 Core","B","no_manifest","no",""
"volvo-xc40-2020-b5-plus","2020","Volvo","XC40","B5 Plus","B","dual_extract_mismatch","yes","no"
"volvo-xc40-2020-recharge","2020","Volvo","XC40","Recharge","B","dual_extract_mismatch","yes","no"
"volvo-xc40-2020-recharge-pure-electric-electric","2020","Volvo","XC40","Recharge Pure Electric","B","no_manifest","no",""
"volvo-xc40-2019-b5-core","2019","Volvo","XC40","B5 Core","B","dual_extract_mismatch","yes","no"
"volvo-xc40-2019-b5-plus","2019","Volvo","XC40","B5 Plus","B","dual_extract_mismatch","yes","no"
"volvo-xc40-2019-recharge","2019","Volvo","XC40","Recharge","B","dual_extract_mismatch","yes","no"
"volvo-xc60-2025-b5-core","2025","Volvo","XC60","B5 Core","B","dual_extract_mismatch","yes","no"
"volvo-xc60-2025-b5-plus","2025","Volvo","XC60","B5 Plus","B","dual_extract_mismatch","yes","no"
"volvo-xc60-2025-recharge","2025","Volvo","XC60","Recharge","B","dual_extract_mismatch","yes","no"
"volvo-xc60-2024-b5-core","2024","Volvo","XC60","B5 Core","B","dual_extract_mismatch","yes","no"
"volvo-xc60-2024-b5-plus","2024","Volvo","XC60","B5 Plus","B","no_manifest","no",""
"volvo-xc60-2024-recharge","2024","Volvo","XC60","Recharge","B","dual_extract_mismatch","yes","no"
"volvo-xc60-2023-b5-core","2023","Volvo","XC60","B5 Core","B","dual_extract_mismatch","yes","no"
"volvo-xc60-2023-b5-plus","2023","Volvo","XC60","B5 Plus","B","no_manifest","no",""
"volvo-xc60-2023-recharge","2023","Volvo","XC60","Recharge","B","dual_extract_mismatch","yes","no"
"volvo-xc60-2022-b5-core","2022","Volvo","XC60","B5 Core","B","dual_extract_mismatch","yes","no"
"volvo-xc60-2022-b5-plus","2022","Volvo","XC60","B5 Plus","B","dual_extract_mismatch","yes","no"
"volvo-xc60-2022-recharge","2022","Volvo","XC60","Recharge","B","dual_extract_mismatch","yes","no"
"volvo-xc60-2021-b5-core","2021","Volvo","XC60","B5 Core","B","no_manifest","no",""
"volvo-xc60-2021-b5-plus","2021","Volvo","XC60","B5 Plus","B","dual_extract_mismatch","yes","no"
"volvo-xc60-2021-recharge","2021","Volvo","XC60","Recharge","B","dual_extract_mismatch","yes","no"
"volvo-xc60-2020-b5-core","2020","Volvo","XC60","B5 Core","B","no_manifest","no",""
"volvo-xc60-2020-b5-plus","2020","Volvo","XC60","B5 Plus","B","dual_extract_mismatch","yes","no"
"volvo-xc60-2020-recharge","2020","Volvo","XC60","Recharge","B","dual_extract_mismatch","yes","no"
"volvo-xc60-2019-b5-core","2019","Volvo","XC60","B5 Core","B","dual_extract_mismatch","yes","no"
"volvo-xc60-2019-b5-plus","2019","Volvo","XC60","B5 Plus","B","dual_extract_mismatch","yes","no"
"subaru-outback-2024-base","2024","Subaru","Outback","Base","C","dual_extract_mismatch","yes","no"
"subaru-outback-2024-limited","2024","Subaru","Outback","Limited","C","dual_extract_mismatch","yes","no"
"subaru-outback-2023-base","2023","Subaru","Outback","Base","B","dual_extract_mismatch","yes","no"
"subaru-outback-2023-premium","2023","Subaru","Outback","Premium","B","dual_extract_mismatch","yes","no"
"subaru-outback-2023-limited","2023","Subaru","Outback","Limited","B","dual_extract_mismatch","yes","no"
"subaru-outback-2022-base","2022","Subaru","Outback","Base","C","dual_extract_mismatch","yes","no"
"subaru-outback-2022-premium","2022","Subaru","Outback","Premium","C","dual_extract_mismatch","yes","no"
"subaru-outback-2022-limited","2022","Subaru","Outback","Limited","C","dual_extract_mismatch","yes","no"
"subaru-forester-2024-base","2024","Subaru","Forester","Base","C","dual_extract_mismatch","yes","no"
"subaru-forester-2024-limited","2024","Subaru","Forester","Limited","C","dual_extract_mismatch","yes","no"
"subaru-forester-2023-base","2023","Subaru","Forester","Base","B","dual_extract_mismatch","yes","no"
"subaru-forester-2023-premium","2023","Subaru","Forester","Premium","B","dual_extract_mismatch","yes","no"
"subaru-forester-2023-limited","2023","Subaru","Forester","Limited","B","dual_extract_mismatch","yes","no"
"subaru-forester-2022-base","2022","Subaru","Forester","Base","C","dual_extract_mismatch","yes","no"
"subaru-forester-2022-premium","2022","Subaru","Forester","Premium","C","dual_extract_mismatch","yes","no"
"subaru-forester-2022-limited","2022","Subaru","Forester","Limited","C","dual_extract_mismatch","yes","no"
"subaru-crosstrek-2024-base","2024","Subaru","Crosstrek","Base","C","dual_extract_mismatch","yes","no"
"subaru-crosstrek-2024-limited","2024","Subaru","Crosstrek","Limited","C","dual_extract_mismatch","yes","no"
"subaru-crosstrek-2023-base","2023","Subaru","Crosstrek","Base","B","dual_extract_mismatch","yes","no"
"subaru-crosstrek-2023-premium","2023","Subaru","Crosstrek","Premium","B","dual_extract_mismatch","yes","no"
"subaru-crosstrek-2023-limited","2023","Subaru","Crosstrek","Limited","B","dual_extract_mismatch","yes","no"
"subaru-crosstrek-2022-base","2022","Subaru","Crosstrek","Base","C","dual_extract_mismatch","yes","no"
"subaru-crosstrek-2022-premium","2022","Subaru","Crosstrek","Premium","C","dual_extract_mismatch","yes","no"
"subaru-crosstrek-2022-limited","2022","Subaru","Crosstrek","Limited","C","dual_extract_mismatch","yes","no"
"toyota-prius-2023-le-hybrid","2023","Toyota","Prius","LE","B","dual_extract_mismatch","yes","no"
"toyota-prius-2023-xle-hybrid","2023","Toyota","Prius","XLE","B","dual_extract_mismatch","yes","no"
"toyota-prius-2023-limited-hybrid","2023","Toyota","Prius","Limited","B","dual_extract_mismatch","yes","no"
"subaru-impreza-2024-premium","2024","Subaru","Impreza","Premium","C","dual_extract_mismatch","yes","no"
"subaru-impreza-2024-sport","2024","Subaru","Impreza","Sport","C","dual_extract_mismatch","yes","no"
"subaru-impreza-2023-base","2023","Subaru","Impreza","Base","B","dual_extract_mismatch","yes","no"
"subaru-impreza-2023-premium","2023","Subaru","Impreza","Premium","B","dual_extract_mismatch","yes","no"
"subaru-impreza-2023-sport","2023","Subaru","Impreza","Sport","B","dual_extract_mismatch","yes","no"
"subaru-impreza-2022-base","2022","Subaru","Impreza","Base","C","dual_extract_mismatch","yes","no"
"subaru-impreza-2022-premium","2022","Subaru","Impreza","Premium","C","dual_extract_mismatch","yes","no"
"subaru-impreza-2022-sport","2022","Subaru","Impreza","Sport","C","dual_extract_mismatch","yes","no"
"toyota-venza-2021-xle-hybrid","2021","Toyota","Venza","XLE","B","no_manifest","no",""
"mini-cooper-2025-classic","2025","MINI","Cooper","Classic","B","dual_extract_mismatch","yes","no"
"mini-cooper-2025-s","2025","MINI","Cooper","S","B","dual_extract_mismatch","yes","no"
"mini-cooper-2025-jcw","2025","MINI","Cooper","JCW","B","dual_extract_mismatch","yes","no"
"mini-cooper-2024-classic","2024","MINI","Cooper","Classic","B","dual_extract_mismatch","yes","no"
"mini-cooper-2024-s","2024","MINI","Cooper","S","B","dual_extract_mismatch","yes","no"
"mini-cooper-2024-jcw","2024","MINI","Cooper","JCW","B","dual_extract_mismatch","yes","no"
"mini-cooper-2023-classic","2023","MINI","Cooper","Classic","B","dual_extract_mismatch","yes","no"
"mini-cooper-2023-s","2023","MINI","Cooper","S","B","dual_extract_mismatch","yes","no"
"mini-cooper-2023-jcw","2023","MINI","Cooper","JCW","B","dual_extract_mismatch","yes","no"
"mini-cooper-2022-classic","2022","MINI","Cooper","Classic","B","dual_extract_mismatch","yes","no"
"mini-cooper-2022-s","2022","MINI","Cooper","S","B","dual_extract_mismatch","yes","no"
"mini-cooper-2022-jcw","2022","MINI","Cooper","JCW","B","dual_extract_mismatch","yes","no"
"mini-cooper-2021-classic","2021","MINI","Cooper","Classic","B","dual_extract_mismatch","yes","no"
"mini-cooper-2021-s","2021","MINI","Cooper","S","B","dual_extract_mismatch","yes","no"
"mini-cooper-2021-jcw","2021","MINI","Cooper","JCW","B","dual_extract_mismatch","yes","no"
"mini-cooper-2020-classic","2020","MINI","Cooper","Classic","B","dual_extract_mismatch","yes","no"
"mini-cooper-2020-s","2020","MINI","Cooper","S","B","dual_extract_mismatch","yes","no"
"mini-cooper-2020-jcw","2020","MINI","Cooper","JCW","B","dual_extract_mismatch","yes","no"
"mini-countryman-2025-classic","2025","MINI","Countryman","Classic","B","dual_extract_mismatch","yes","no"
"mini-countryman-2025-s","2025","MINI","Countryman","S","B","dual_extract_mismatch","yes","no"
"mini-countryman-2025-jcw","2025","MINI","Countryman","JCW","B","dual_extract_mismatch","yes","no"
"mini-countryman-2024-classic","2024","MINI","Countryman","Classic","B","dual_extract_mismatch","yes","no"
"mini-countryman-2024-s","2024","MINI","Countryman","S","B","dual_extract_mismatch","yes","no"
"mini-countryman-2024-jcw","2024","MINI","Countryman","JCW","B","dual_extract_mismatch","yes","no"
"mini-countryman-2023-classic","2023","MINI","Countryman","Classic","B","dual_extract_mismatch","yes","no"
"mini-countryman-2023-s","2023","MINI","Countryman","S","B","dual_extract_mismatch","yes","no"
"mini-countryman-2023-jcw","2023","MINI","Countryman","JCW","B","dual_extract_mismatch","yes","no"
"mini-countryman-2022-classic","2022","MINI","Countryman","Classic","B","dual_extract_mismatch","yes","no"
"mini-countryman-2022-s","2022","MINI","Countryman","S","B","dual_extract_mismatch","yes","no"
"mini-countryman-2022-jcw","2022","MINI","Countryman","JCW","B","dual_extract_mismatch","yes","no"
"mini-countryman-2021-classic","2021","MINI","Countryman","Classic","B","dual_extract_mismatch","yes","no"
"mini-countryman-2021-s","2021","MINI","Countryman","S","B","dual_extract_mismatch","yes","no"
"mini-countryman-2021-jcw","2021","MINI","Countryman","JCW","B","dual_extract_mismatch","yes","no"
"mini-countryman-2020-classic","2020","MINI","Countryman","Classic","B","dual_extract_mismatch","yes","no"
"mini-countryman-2020-s","2020","MINI","Countryman","S","B","dual_extract_mismatch","yes","no"
"mini-countryman-2020-jcw","2020","MINI","Countryman","JCW","B","dual_extract_mismatch","yes","no"
"volvo-xc60-2019-recharge","2019","Volvo","XC60","Recharge","B","dual_extract_mismatch","yes","no"
"volvo-xc60-2018-b5-core","2018","Volvo","XC60","B5 Core","B","dual_extract_mismatch","yes","no"
"volvo-xc60-2018-b5-plus","2018","Volvo","XC60","B5 Plus","B","dual_extract_mismatch","yes","no"
"volvo-xc60-2018-recharge","2018","Volvo","XC60","Recharge","B","dual_extract_mismatch","yes","no"
"volvo-xc90-2025-b5-core","2025","Volvo","XC90","B5 Core","B","dual_extract_mismatch","yes","no"
"volvo-xc90-2025-b6-plus","2025","Volvo","XC90","B6 Plus","B","dual_extract_mismatch","yes","no"
